idindikator;IDTer;nTer;IDStavkeBDP;nStavkeBDP;IDVrPod;nVrPod;mes;god;vrednost
0902010302IND01;RS;РЕПУБЛИКА СРБИЈА;20;Бруто додата вредност (БДВ);1;Вредност, текуће цене, мил. РСД;00;1995;55843
0902010302IND01;RS;РЕПУБЛИКА СРБИЈА;20;Бруто додата вредност (БДВ);2;Учешће у БДП, %;00;1995;93.7
0902010302IND01;RS;РЕПУБЛИКА СРБИЈА;20;Бруто додата вредност (БДВ);3;Вредност, сталне цене (цене претходне године), мил. РСД;00;1995;31045.8
0902010302IND01;RS;РЕПУБЛИКА СРБИЈА;20;Бруто додата вредност (БДВ);4;Вредност, уланчане мере обима, референтна 2010. година, мил. РСД;00;1995;1569156
0902010302IND01;RS;РЕПУБЛИКА СРБИЈА;20;Бруто додата вредност (БДВ);5;Стопе реалног раста, претходна година = 100, %;00;1995;5.5
0902010302IND01;RS;РЕПУБЛИКА СРБИЈА;31;Порези на производе;1;Вредност, текуће цене, мил. РСД;00;1995;3871.5
0902010302IND01;RS;РЕПУБЛИКА СРБИЈА;31;Порези на производе;2;Учешће у БДП, %;00;1995;6.5
0902010302IND01;RS;РЕПУБЛИКА СРБИЈА;31;Порези на производе;3;Вредност, сталне цене (цене претходне године), мил. РСД;00;1995;2655.7
0902010302IND01;RS;РЕПУБЛИКА СРБИЈА;31;Порези на производе;4;Вредност, уланчане мере обима, референтна 2010. година, мил. РСД;00;1995;234691.2
0902010302IND01;RS;РЕПУБЛИКА СРБИЈА;31;Порези на производе;5;Стопе реалног раста, претходна година = 100, %;00;1995;3.4
0902010302IND01;RS;РЕПУБЛИКА СРБИЈА;32;Субвенције на производе;1;Вредност, текуће цене, мил. РСД;00;1995;127.1
0902010302IND01;RS;РЕПУБЛИКА СРБИЈА;32;Субвенције на производе;2;Учешће у БДП, %;00;1995;0.2
0902010302IND01;RS;РЕПУБЛИКА СРБИЈА;32;Субвенције на производе;3;Вредност, сталне цене (цене претходне године), мил. РСД;00;1995;87.8
0902010302IND01;RS;РЕПУБЛИКА СРБИЈА;32;Субвенције на производе;4;Вредност, уланчане мере обима, референтна 2010. година, мил. РСД;00;1995;6065.8
0902010302IND01;RS;РЕПУБЛИКА СРБИЈА;32;Субвенције на производе;5;Стопе реалног раста, претходна година = 100, %;00;1995;5.4
0902010302IND01;RS;РЕПУБЛИКА СРБИЈА;40;Бруто домаћи производ (БДП);1;Вредност, текуће цене, мил. РСД;00;1995;59587.4
0902010302IND01;RS;РЕПУБЛИКА СРБИЈА;40;Бруто домаћи производ (БДП);2;Учешће у БДП, %;00;1995;100
0902010302IND01;RS;РЕПУБЛИКА СРБИЈА;40;Бруто домаћи производ (БДП);3;Вредност, сталне цене (цене претходне године), мил. РСД;00;1995;33613.7
0902010302IND01;RS;РЕПУБЛИКА СРБИЈА;40;Бруто домаћи производ (БДП);4;Вредност, уланчане мере обима, референтна 2010. година, мил. РСД;00;1995;1816085.2
0902010302IND01;RS;РЕПУБЛИКА СРБИЈА;40;Бруто домаћи производ (БДП);5;Стопе реалног раста, претходна година = 100, %;00;1995;5.3
0902010302IND01;RS;РЕПУБЛИКА СРБИЈА;20;Бруто додата вредност (БДВ);1;Вредност, текуће цене, мил. РСД;00;1996;108814.6
0902010302IND01;RS;РЕПУБЛИКА СРБИЈА;20;Бруто додата вредност (БДВ);2;Учешће у БДП, %;00;1996;92.9
0902010302IND01;RS;РЕПУБЛИКА СРБИЈА;20;Бруто додата вредност (БДВ);3;Вредност, сталне цене (цене претходне године), мил. РСД;00;1996;59103.4
0902010302IND01;RS;РЕПУБЛИКА СРБИЈА;20;Бруто додата вредност (БДВ);4;Вредност, уланчане мере обима, референтна 2010. година, мил. РСД;00;1996;1660769.8
0902010302IND01;RS;РЕПУБЛИКА СРБИЈА;20;Бруто додата вредност (БДВ);5;Стопе реалног раста, претходна година = 100, %;00;1996;5.8
0902010302IND01;RS;РЕПУБЛИКА СРБИЈА;31;Порези на производе;1;Вредност, текуће цене, мил. РСД;00;1996;8569.9
0902010302IND01;RS;РЕПУБЛИКА СРБИЈА;31;Порези на производе;2;Учешће у БДП, %;00;1996;7.3
0902010302IND01;RS;РЕПУБЛИКА СРБИЈА;31;Порези на производе;3;Вредност, сталне цене (цене претходне године), мил. РСД;00;1996;4345.6
0902010302IND01;RS;РЕПУБЛИКА СРБИЈА;31;Порези на производе;4;Вредност, уланчане мере обима, референтна 2010. година, мил. РСД;00;1996;263426.9
0902010302IND01;RS;РЕПУБЛИКА СРБИЈА;31;Порези на производе;5;Стопе реалног раста, претходна година = 100, %;00;1996;12.2
0902010302IND01;RS;РЕПУБЛИКА СРБИЈА;32;Субвенције на производе;1;Вредност, текуће цене, мил. РСД;00;1996;221.8
0902010302IND01;RS;РЕПУБЛИКА СРБИЈА;32;Субвенције на производе;2;Учешће у БДП, %;00;1996;0.2
0902010302IND01;RS;РЕПУБЛИКА СРБИЈА;32;Субвенције на производе;3;Вредност, сталне цене (цене претходне године), мил. РСД;00;1996;128.9
0902010302IND01;RS;РЕПУБЛИКА СРБИЈА;32;Субвенције на производе;4;Вредност, уланчане мере обима, референтна 2010. година, мил. РСД;00;1996;6150.5
0902010302IND01;RS;РЕПУБЛИКА СРБИЈА;32;Субвенције на производе;5;Стопе реалног раста, претходна година = 100, %;00;1996;1.4
0902010302IND01;RS;РЕПУБЛИКА СРБИЈА;40;Бруто домаћи производ (БДП);1;Вредност, текуће цене, мил. РСД;00;1996;117162.7
0902010302IND01;RS;РЕПУБЛИКА СРБИЈА;40;Бруто домаћи производ (БДП);2;Учешће у БДП, %;00;1996;100
0902010302IND01;RS;РЕПУБЛИКА СРБИЈА;40;Бруто домаћи производ (БДП);3;Вредност, сталне цене (цене претходне године), мил. РСД;00;1996;63320
0902010302IND01;RS;РЕПУБЛИКА СРБИЈА;40;Бруто домаћи производ (БДП);4;Вредност, уланчане мере обима, референтна 2010. година, мил. РСД;00;1996;1929846.2
0902010302IND01;RS;РЕПУБЛИКА СРБИЈА;40;Бруто домаћи производ (БДП);5;Стопе реалног раста, претходна година = 100, %;00;1996;6.3
0902010302IND01;RS;РЕПУБЛИКА СРБИЈА;20;Бруто додата вредност (БДВ);1;Вредност, текуће цене, мил. РСД;00;1997;140704.4
0902010302IND01;RS;РЕПУБЛИКА СРБИЈА;20;Бруто додата вредност (БДВ);2;Учешће у БДП, %;00;1997;92.7
0902010302IND01;RS;РЕПУБЛИКА СРБИЈА;20;Бруто додата вредност (БДВ);3;Вредност, сталне цене (цене претходне године), мил. РСД;00;1997;116389.9
0902010302IND01;RS;РЕПУБЛИКА СРБИЈА;20;Бруто додата вредност (БДВ);4;Вредност, уланчане мере обима, референтна 2010. година, мил. РСД;00;1997;1776386.2
0902010302IND01;RS;РЕПУБЛИКА СРБИЈА;20;Бруто додата вредност (БДВ);5;Стопе реалног раста, претходна година = 100, %;00;1997;7
0902010302IND01;RS;РЕПУБЛИКА СРБИЈА;31;Порези на производе;1;Вредност, текуће цене, мил. РСД;00;1997;11532.5
0902010302IND01;RS;РЕПУБЛИКА СРБИЈА;31;Порези на производе;2;Учешће у БДП, %;00;1997;7.6
0902010302IND01;RS;РЕПУБЛИКА СРБИЈА;31;Порези на производе;3;Вредност, сталне цене (цене претходне године), мил. РСД;00;1997;9449.4
0902010302IND01;RS;РЕПУБЛИКА СРБИЈА;31;Порези на производе;4;Вредност, уланчане мере обима, референтна 2010. година, мил. РСД;00;1997;290463.9
0902010302IND01;RS;РЕПУБЛИКА СРБИЈА;31;Порези на производе;5;Стопе реалног раста, претходна година = 100, %;00;1997;10.3
0902010302IND01;RS;РЕПУБЛИКА СРБИЈА;32;Субвенције на производе;1;Вредност, текуће цене, мил. РСД;00;1997;429.8
0902010302IND01;RS;РЕПУБЛИКА СРБИЈА;32;Субвенције на производе;2;Учешће у БДП, %;00;1997;0.3
0902010302IND01;RS;РЕПУБЛИКА СРБИЈА;32;Субвенције на производе;3;Вредност, сталне цене (цене претходне године), мил. РСД;00;1997;232.2
0902010302IND01;RS;РЕПУБЛИКА СРБИЈА;32;Субвенције на производе;4;Вредност, уланчане мере обима, референтна 2010. година, мил. РСД;00;1997;6440.7
0902010302IND01;RS;РЕПУБЛИКА СРБИЈА;32;Субвенције на производе;5;Стопе реалног раста, претходна година = 100, %;00;1997;4.7
0902010302IND01;RS;РЕПУБЛИКА СРБИЈА;40;Бруто домаћи производ (БДП);1;Вредност, текуће цене, мил. РСД;00;1997;151807.1
0902010302IND01;RS;РЕПУБЛИКА СРБИЈА;40;Бруто домаћи производ (БДП);2;Учешће у БДП, %;00;1997;100
0902010302IND01;RS;РЕПУБЛИКА СРБИЈА;40;Бруто домаћи производ (БДП);3;Вредност, сталне цене (цене претходне године), мил. РСД;00;1997;125607.1
0902010302IND01;RS;РЕПУБЛИКА СРБИЈА;40;Бруто домаћи производ (БДП);4;Вредност, уланчане мере обима, референтна 2010. година, мил. РСД;00;1997;2068937.6
0902010302IND01;RS;РЕПУБЛИКА СРБИЈА;40;Бруто домаћи производ (БДП);5;Стопе реалног раста, претходна година = 100, %;00;1997;7.2
0902010302IND01;RS;РЕПУБЛИКА СРБИЈА;20;Бруто додата вредност (БДВ);1;Вредност, текуће цене, мил. РСД;00;1998;178801.8
0902010302IND01;RS;РЕПУБЛИКА СРБИЈА;20;Бруто додата вредност (БДВ);2;Учешће у БДП, %;00;1998;91.6
0902010302IND01;RS;РЕПУБЛИКА СРБИЈА;20;Бруто додата вредност (БДВ);3;Вредност, сталне цене (цене претходне године), мил. РСД;00;1998;145716.9
0902010302IND01;RS;РЕПУБЛИКА СРБИЈА;20;Бруто додата вредност (БДВ);4;Вредност, уланчане мере обима, референтна 2010. година, мил. РСД;00;1998;1839668.6
0902010302IND01;RS;РЕПУБЛИКА СРБИЈА;20;Бруто додата вредност (БДВ);5;Стопе реалног раста, претходна година = 100, %;00;1998;3.6
0902010302IND01;RS;РЕПУБЛИКА СРБИЈА;31;Порези на производе;1;Вредност, текуће цене, мил. РСД;00;1998;16954.7
0902010302IND01;RS;РЕПУБЛИКА СРБИЈА;31;Порези на производе;2;Учешће у БДП, %;00;1998;8.7
0902010302IND01;RS;РЕПУБЛИКА СРБИЈА;31;Порези на производе;3;Вредност, сталне цене (цене претходне године), мил. РСД;00;1998;11583.5
0902010302IND01;RS;РЕПУБЛИКА СРБИЈА;31;Порези на производе;4;Вредност, уланчане мере обима, референтна 2010. година, мил. РСД;00;1998;291747.1
0902010302IND01;RS;РЕПУБЛИКА СРБИЈА;31;Порези на производе;5;Стопе реалног раста, претходна година = 100, %;00;1998;0.4
0902010302IND01;RS;РЕПУБЛИКА СРБИЈА;32;Субвенције на производе;1;Вредност, текуће цене, мил. РСД;00;1998;577.4
0902010302IND01;RS;РЕПУБЛИКА СРБИЈА;32;Субвенције на производе;2;Учешће у БДП, %;00;1998;0.3
0902010302IND01;RS;РЕПУБЛИКА СРБИЈА;32;Субвенције на производе;3;Вредност, сталне цене (цене претходне године), мил. РСД;00;1998;421.6
0902010302IND01;RS;РЕПУБЛИКА СРБИЈА;32;Субвенције на производе;4;Вредност, уланчане мере обима, референтна 2010. година, мил. РСД;00;1998;6316.9
0902010302IND01;RS;РЕПУБЛИКА СРБИЈА;32;Субвенције на производе;5;Стопе реалног раста, претходна година = 100, %;00;1998;-1.9
0902010302IND01;RS;РЕПУБЛИКА СРБИЈА;40;Бруто домаћи производ (БДП);1;Вредност, текуће цене, мил. РСД;00;1998;195179.1
0902010302IND01;RS;РЕПУБЛИКА СРБИЈА;40;Бруто домаћи производ (БДП);2;Учешће у БДП, %;00;1998;100
0902010302IND01;RS;РЕПУБЛИКА СРБИЈА;40;Бруто домаћи производ (БДП);3;Вредност, сталне цене (цене претходне године), мил. РСД;00;1998;156878.8
0902010302IND01;RS;РЕПУБЛИКА СРБИЈА;40;Бруто домаћи производ (БДП);4;Вредност, уланчане мере обима, референтна 2010. година, мил. РСД;00;1998;2138058.3
0902010302IND01;RS;РЕПУБЛИКА СРБИЈА;40;Бруто домаћи производ (БДП);5;Стопе реалног раста, претходна година = 100, %;00;1998;3.3
0902010302IND01;RS;РЕПУБЛИКА СРБИЈА;20;Бруто додата вредност (БДВ);1;Вредност, текуће цене, мил. РСД;00;1999;208656.9
0902010302IND01;RS;РЕПУБЛИКА СРБИЈА;20;Бруто додата вредност (БДВ);2;Учешће у БДП, %;00;1999;92.3
0902010302IND01;RS;РЕПУБЛИКА СРБИЈА;20;Бруто додата вредност (БДВ);3;Вредност, сталне цене (цене претходне године), мил. РСД;00;1999;162912.4
0902010302IND01;RS;РЕПУБЛИКА СРБИЈА;20;Бруто додата вредност (БДВ);4;Вредност, уланчане мере обима, референтна 2010. година, мил. РСД;00;1999;1676185.1
0902010302IND01;RS;РЕПУБЛИКА СРБИЈА;20;Бруто додата вредност (БДВ);5;Стопе реалног раста, претходна година = 100, %;00;1999;-8.9
0902010302IND01;RS;РЕПУБЛИКА СРБИЈА;31;Порези на производе;1;Вредност, текуће цене, мил. РСД;00;1999;18056
0902010302IND01;RS;РЕПУБЛИКА СРБИЈА;31;Порези на производе;2;Учешће у БДП, %;00;1999;8
0902010302IND01;RS;РЕПУБЛИКА СРБИЈА;31;Порези на производе;3;Вредност, сталне цене (цене претходне године), мил. РСД;00;1999;14444.7
0902010302IND01;RS;РЕПУБЛИКА СРБИЈА;31;Порези на производе;4;Вредност, уланчане мере обима, референтна 2010. година, мил. РСД;00;1999;248556.2
0902010302IND01;RS;РЕПУБЛИКА СРБИЈА;31;Порези на производе;5;Стопе реалног раста, претходна година = 100, %;00;1999;-14.8
0902010302IND01;RS;РЕПУБЛИКА СРБИЈА;32;Субвенције на производе;1;Вредност, текуће цене, мил. РСД;00;1999;612
0902010302IND01;RS;РЕПУБЛИКА СРБИЈА;32;Субвенције на производе;2;Учешће у БДП, %;00;1999;0.3
0902010302IND01;RS;РЕПУБЛИКА СРБИЈА;32;Субвенције на производе;3;Вредност, сталне цене (цене претходне године), мил. РСД;00;1999;572.1
0902010302IND01;RS;РЕПУБЛИКА СРБИЈА;32;Субвенције на производе;4;Вредност, уланчане мере обима, референтна 2010. година, мил. РСД;00;1999;6258.2
0902010302IND01;RS;РЕПУБЛИКА СРБИЈА;32;Субвенције на производе;5;Стопе реалног раста, претходна година = 100, %;00;1999;-0.9
0902010302IND01;RS;РЕПУБЛИКА СРБИЈА;40;Бруто домаћи производ (БДП);1;Вредност, текуће цене, мил. РСД;00;1999;226100.9
0902010302IND01;RS;РЕПУБЛИКА СРБИЈА;40;Бруто домаћи производ (БДП);2;Учешће у БДП, %;00;1999;100
0902010302IND01;RS;РЕПУБЛИКА СРБИЈА;40;Бруто домаћи производ (БДП);3;Вредност, сталне цене (цене претходне године), мил. РСД;00;1999;176785.1
0902010302IND01;RS;РЕПУБЛИКА СРБИЈА;40;Бруто домаћи производ (БДП);4;Вредност, уланчане мере обима, референтна 2010. година, мил. РСД;00;1999;1936564.2
0902010302IND01;RS;РЕПУБЛИКА СРБИЈА;40;Бруто домаћи производ (БДП);5;Стопе реалног раста, претходна година = 100, %;00;1999;-9.4
0902010302IND01;RS;РЕПУБЛИКА СРБИЈА;20;Бруто додата вредност (БДВ);1;Вредност, текуће цене, мил. РСД;00;2000;402361.6
0902010302IND01;RS;РЕПУБЛИКА СРБИЈА;20;Бруто додата вредност (БДВ);2;Учешће у БДП, %;00;2000;92.6
0902010302IND01;RS;РЕПУБЛИКА СРБИЈА;20;Бруто додата вредност (БДВ);3;Вредност, сталне цене (цене претходне године), мил. РСД;00;2000;220543.7
0902010302IND01;RS;РЕПУБЛИКА СРБИЈА;20;Бруто додата вредност (БДВ);4;Вредност, уланчане мере обима, референтна 2010. година, мил. РСД;00;2000;1771674.1
0902010302IND01;RS;РЕПУБЛИКА СРБИЈА;20;Бруто додата вредност (БДВ);5;Стопе реалног раста, претходна година = 100, %;00;2000;5.7
0902010302IND01;RS;РЕПУБЛИКА СРБИЈА;31;Порези на производе;1;Вредност, текуће цене, мил. РСД;00;2000;33066.4
0902010302IND01;RS;РЕПУБЛИКА СРБИЈА;31;Порези на производе;2;Учешће у БДП, %;00;2000;7.6
0902010302IND01;RS;РЕПУБЛИКА СРБИЈА;31;Порези на производе;3;Вредност, сталне цене (цене претходне године), мил. РСД;00;2000;19968.9
0902010302IND01;RS;РЕПУБЛИКА СРБИЈА;31;Порези на производе;4;Вредност, уланчане мере обима, референтна 2010. година, мил. РСД;00;2000;274888.9
0902010302IND01;RS;РЕПУБЛИКА СРБИЈА;31;Порези на производе;5;Стопе реалног раста, претходна година = 100, %;00;2000;10.6
0902010302IND01;RS;РЕПУБЛИКА СРБИЈА;32;Субвенције на производе;1;Вредност, текуће цене, мил. РСД;00;2000;1109
0902010302IND01;RS;РЕПУБЛИКА СРБИЈА;32;Субвенције на производе;2;Учешће у БДП, %;00;2000;0.3
0902010302IND01;RS;РЕПУБЛИКА СРБИЈА;32;Субвенције на производе;3;Вредност, сталне цене (цене претходне године), мил. РСД;00;2000;547.6
0902010302IND01;RS;РЕПУБЛИКА СРБИЈА;32;Субвенције на производе;4;Вредност, уланчане мере обима, референтна 2010. година, мил. РСД;00;2000;5599.4
0902010302IND01;RS;РЕПУБЛИКА СРБИЈА;32;Субвенције на производе;5;Стопе реалног раста, претходна година = 100, %;00;2000;-10.5
0902010302IND01;RS;РЕПУБЛИКА СРБИЈА;40;Бруто домаћи производ (БДП);1;Вредност, текуће цене, мил. РСД;00;2000;434319
0902010302IND01;RS;РЕПУБЛИКА СРБИЈА;40;Бруто домаћи производ (БДП);2;Учешће у БДП, %;00;2000;100
0902010302IND01;RS;РЕПУБЛИКА СРБИЈА;40;Бруто домаћи производ (БДП);3;Вредност, сталне цене (цене претходне године), мил. РСД;00;2000;239965
0902010302IND01;RS;РЕПУБЛИКА СРБИЈА;40;Бруто домаћи производ (БДП);4;Вредност, уланчане мере обима, референтна 2010. година, мил. РСД;00;2000;2055310.7
0902010302IND01;RS;РЕПУБЛИКА СРБИЈА;40;Бруто домаћи производ (БДП);5;Стопе реалног раста, претходна година = 100, %;00;2000;6.1
0902010302IND01;RS;РЕПУБЛИКА СРБИЈА;20;Бруто додата вредност (БДВ);1;Вредност, текуће цене, мил. РСД;00;2001;771513.7
0902010302IND01;RS;РЕПУБЛИКА СРБИЈА;20;Бруто додата вредност (БДВ);2;Учешће у БДП, %;00;2001;89
0902010302IND01;RS;РЕПУБЛИКА СРБИЈА;20;Бруто додата вредност (БДВ);3;Вредност, сталне цене (цене претходне године), мил. РСД;00;2001;425804.5
0902010302IND01;RS;РЕПУБЛИКА СРБИЈА;20;Бруто додата вредност (БДВ);4;Вредност, уланчане мере обима, референтна 2010. година, мил. РСД;00;2001;1874897.7
0902010302IND01;RS;РЕПУБЛИКА СРБИЈА;20;Бруто додата вредност (БДВ);5;Стопе реалног раста, претходна година = 100, %;00;2001;5.8
0902010302IND01;RS;РЕПУБЛИКА СРБИЈА;31;Порези на производе;1;Вредност, текуће цене, мил. РСД;00;2001;102653.6
0902010302IND01;RS;РЕПУБЛИКА СРБИЈА;31;Порези на производе;2;Учешће у БДП, %;00;2001;11.8
0902010302IND01;RS;РЕПУБЛИКА СРБИЈА;31;Порези на производе;3;Вредност, сталне цене (цене претходне године), мил. РСД;00;2001;39650.5
0902010302IND01;RS;РЕПУБЛИКА СРБИЈА;31;Порези на производе;4;Вредност, уланчане мере обима, референтна 2010. година, мил. РСД;00;2001;329624.3
0902010302IND01;RS;РЕПУБЛИКА СРБИЈА;31;Порези на производе;5;Стопе реалног раста, претходна година = 100, %;00;2001;19.9
0902010302IND01;RS;РЕПУБЛИКА СРБИЈА;32;Субвенције на производе;1;Вредност, текуће цене, мил. РСД;00;2001;6929.7
0902010302IND01;RS;РЕПУБЛИКА СРБИЈА;32;Субвенције на производе;2;Учешће у БДП, %;00;2001;0.8
0902010302IND01;RS;РЕПУБЛИКА СРБИЈА;32;Субвенције на производе;3;Вредност, сталне цене (цене претходне године), мил. РСД;00;2001;1260.2
0902010302IND01;RS;РЕПУБЛИКА СРБИЈА;32;Субвенције на производе;4;Вредност, уланчане мере обима, референтна 2010. година, мил. РСД;00;2001;6363
0902010302IND01;RS;РЕПУБЛИКА СРБИЈА;32;Субвенције на производе;5;Стопе реалног раста, претходна година = 100, %;00;2001;13.6
0902010302IND01;RS;РЕПУБЛИКА СРБИЈА;40;Бруто домаћи производ (БДП);1;Вредност, текуће цене, мил. РСД;00;2001;867237.6
0902010302IND01;RS;РЕПУБЛИКА СРБИЈА;40;Бруто домаћи производ (БДП);2;Учешће у БДП, %;00;2001;100
0902010302IND01;RS;РЕПУБЛИКА СРБИЈА;40;Бруто домаћи производ (БДП);3;Вредност, сталне цене (цене претходне године), мил. РСД;00;2001;464194.8
0902010302IND01;RS;РЕПУБЛИКА СРБИЈА;40;Бруто домаћи производ (БДП);4;Вредност, уланчане мере обима, референтна 2010. година, мил. РСД;00;2001;2196690.8
0902010302IND01;RS;РЕПУБЛИКА СРБИЈА;40;Бруто домаћи производ (БДП);5;Стопе реалног раста, претходна година = 100, %;00;2001;6.9
0902010302IND01;RS;РЕПУБЛИКА СРБИЈА;20;Бруто додата вредност (БДВ);1;Вредност, текуће цене, мил. РСД;00;2002;932883.2
0902010302IND01;RS;РЕПУБЛИКА СРБИЈА;20;Бруто додата вредност (БДВ);2;Учешће у БДП, %;00;2002;84.6
0902010302IND01;RS;РЕПУБЛИКА СРБИЈА;20;Бруто додата вредност (БДВ);3;Вредност, сталне цене (цене претходне године), мил. РСД;00;2002;814326.4
0902010302IND01;RS;РЕПУБЛИКА СРБИЈА;20;Бруто додата вредност (БДВ);4;Вредност, уланчане мере обима, референтна 2010. година, мил. РСД;00;2002;1978939.1
0902010302IND01;RS;РЕПУБЛИКА СРБИЈА;20;Бруто додата вредност (БДВ);5;Стопе реалног раста, претходна година = 100, %;00;2002;5.5
0902010302IND01;RS;РЕПУБЛИКА СРБИЈА;31;Порези на производе;1;Вредност, текуће цене, мил. РСД;00;2002;180182.1
0902010302IND01;RS;РЕПУБЛИКА СРБИЈА;31;Порези на производе;2;Учешће у БДП, %;00;2002;16.3
0902010302IND01;RS;РЕПУБЛИКА СРБИЈА;31;Порези на производе;3;Вредност, сталне цене (цене претходне године), мил. РСД;00;2002;115190.1
0902010302IND01;RS;РЕПУБЛИКА СРБИЈА;31;Порези на производе;4;Вредност, уланчане мере обима, референтна 2010. година, мил. РСД;00;2002;369879.6
0902010302IND01;RS;РЕПУБЛИКА СРБИЈА;31;Порези на производе;5;Стопе реалног раста, претходна година = 100, %;00;2002;12.2
0902010302IND01;RS;РЕПУБЛИКА СРБИЈА;32;Субвенције на производе;1;Вредност, текуће цене, мил. РСД;00;2002;10508
0902010302IND01;RS;РЕПУБЛИКА СРБИЈА;32;Субвенције на производе;2;Учешће у БДП, %;00;2002;1
0902010302IND01;RS;РЕПУБЛИКА СРБИЈА;32;Субвенције на производе;3;Вредност, сталне цене (цене претходне године), мил. РСД;00;2002;6945.6
0902010302IND01;RS;РЕПУБЛИКА СРБИЈА;32;Субвенције на производе;4;Вредност, уланчане мере обима, референтна 2010. година, мил. РСД;00;2002;6377.6
0902010302IND01;RS;РЕПУБЛИКА СРБИЈА;32;Субвенције на производе;5;Стопе реалног раста, претходна година = 100, %;00;2002;0.2
0902010302IND01;RS;РЕПУБЛИКА СРБИЈА;40;Бруто домаћи производ (БДП);1;Вредност, текуће цене, мил. РСД;00;2002;1102557.3
0902010302IND01;RS;РЕПУБЛИКА СРБИЈА;40;Бруто домаћи производ (БДП);2;Учешће у БДП, %;00;2002;100
0902010302IND01;RS;РЕПУБЛИКА СРБИЈА;40;Бруто домаћи производ (БДП);3;Вредност, сталне цене (цене претходне године), мил. РСД;00;2002;922570.9
0902010302IND01;RS;РЕПУБЛИКА СРБИЈА;40;Бруто домаћи производ (БДП);4;Вредност, уланчане мере обима, референтна 2010. година, мил. РСД;00;2002;2336848.7
0902010302IND01;RS;РЕПУБЛИКА СРБИЈА;40;Бруто домаћи производ (БДП);5;Стопе реалног раста, претходна година = 100, %;00;2002;6.4
0902010302IND01;RS;РЕПУБЛИКА СРБИЈА;20;Бруто додата вредност (БДВ);1;Вредност, текуће цене, мил. РСД;00;2003;1098478.9
0902010302IND01;RS;РЕПУБЛИКА СРБИЈА;20;Бруто додата вредност (БДВ);2;Учешће у БДП, %;00;2003;84.8
0902010302IND01;RS;РЕПУБЛИКА СРБИЈА;20;Бруто додата вредност (БДВ);3;Вредност, сталне цене (цене претходне године), мил. РСД;00;2003;970927.3
0902010302IND01;RS;РЕПУБЛИКА СРБИЈА;20;Бруто додата вредност (БДВ);4;Вредност, уланчане мере обима, референтна 2010. година, мил. РСД;00;2003;2059642.7
0902010302IND01;RS;РЕПУБЛИКА СРБИЈА;20;Бруто додата вредност (БДВ);5;Стопе реалног раста, претходна година = 100, %;00;2003;4.1
0902010302IND01;RS;РЕПУБЛИКА СРБИЈА;31;Порези на производе;1;Вредност, текуће цене, мил. РСД;00;2003;205689.7
0902010302IND01;RS;РЕПУБЛИКА СРБИЈА;31;Порези на производе;2;Учешће у БДП, %;00;2003;15.9
0902010302IND01;RS;РЕПУБЛИКА СРБИЈА;31;Порези на производе;3;Вредност, сталне цене (цене претходне године), мил. РСД;00;2003;189816.2
0902010302IND01;RS;РЕПУБЛИКА СРБИЈА;31;Порези на производе;4;Вредност, уланчане мере обима, референтна 2010. година, мил. РСД;00;2003;389656.6
0902010302IND01;RS;РЕПУБЛИКА СРБИЈА;31;Порези на производе;5;Стопе реалног раста, претходна година = 100, %;00;2003;5.3
0902010302IND01;RS;РЕПУБЛИКА СРБИЈА;32;Субвенције на производе;1;Вредност, текуће цене, мил. РСД;00;2003;9512.7
0902010302IND01;RS;РЕПУБЛИКА СРБИЈА;32;Субвенције на производе;2;Учешће у БДП, %;00;2003;0.7
0902010302IND01;RS;РЕПУБЛИКА СРБИЈА;32;Субвенције на производе;3;Вредност, сталне цене (цене претходне године), мил. РСД;00;2003;9808.7
0902010302IND01;RS;РЕПУБЛИКА СРБИЈА;32;Субвенције на производе;4;Вредност, уланчане мере обима, референтна 2010. година, мил. РСД;00;2003;5953.2
0902010302IND01;RS;РЕПУБЛИКА СРБИЈА;32;Субвенције на производе;5;Стопе реалног раста, претходна година = 100, %;00;2003;-6.7
0902010302IND01;RS;РЕПУБЛИКА СРБИЈА;40;Бруто домаћи производ (БДП);1;Вредност, текуће цене, мил. РСД;00;2003;1294656
0902010302IND01;RS;РЕПУБЛИКА СРБИЈА;40;Бруто домаћи производ (БДП);2;Учешће у БДП, %;00;2003;100
0902010302IND01;RS;РЕПУБЛИКА СРБИЈА;40;Бруто домаћи производ (БДП);3;Вредност, сталне цене (цене претходне године), мил. РСД;00;2003;1150934.8
0902010302IND01;RS;РЕПУБЛИКА СРБИЈА;40;Бруто домаћи производ (БДП);4;Вредност, уланчане мере обима, референтна 2010. година, мил. РСД;00;2003;2439383.9
0902010302IND01;RS;РЕПУБЛИКА СРБИЈА;40;Бруто домаћи производ (БДП);5;Стопе реалног раста, претходна година = 100, %;00;2003;4.4
0902010302IND01;RS;РЕПУБЛИКА СРБИЈА;20;Бруто додата вредност (БДВ);1;Вредност, текуће цене, мил. РСД;00;2004;1286435.4
0902010302IND01;RS;РЕПУБЛИКА СРБИЈА;20;Бруто додата вредност (БДВ);2;Учешће у БДП, %;00;2004;84.3
0902010302IND01;RS;РЕПУБЛИКА СРБИЈА;20;Бруто додата вредност (БДВ);3;Вредност, сталне цене (цене претходне године), мил. РСД;00;2004;1186375.3
0902010302IND01;RS;РЕПУБЛИКА СРБИЈА;20;Бруто додата вредност (БДВ);4;Вредност, уланчане мере обима, референтна 2010. година, мил. РСД;00;2004;2224448
0902010302IND01;RS;РЕПУБЛИКА СРБИЈА;20;Бруто додата вредност (БДВ);5;Стопе реалног раста, претходна година = 100, %;00;2004;8
0902010302IND01;RS;РЕПУБЛИКА СРБИЈА;31;Порези на производе;1;Вредност, текуће цене, мил. РСД;00;2004;250354.8
0902010302IND01;RS;РЕПУБЛИКА СРБИЈА;31;Порези на производе;2;Учешће у БДП, %;00;2004;16.4
0902010302IND01;RS;РЕПУБЛИКА СРБИЈА;31;Порези на производе;3;Вредност, сталне цене (цене претходне године), мил. РСД;00;2004;236173.9
0902010302IND01;RS;РЕПУБЛИКА СРБИЈА;31;Порези на производе;4;Вредност, уланчане мере обима, референтна 2010. година, мил. РСД;00;2004;447405.6
0902010302IND01;RS;РЕПУБЛИКА СРБИЈА;31;Порези на производе;5;Стопе реалног раста, претходна година = 100, %;00;2004;14.8
0902010302IND01;RS;РЕПУБЛИКА СРБИЈА;32;Субвенције на производе;1;Вредност, текуће цене, мил. РСД;00;2004;10585.5
0902010302IND01;RS;РЕПУБЛИКА СРБИЈА;32;Субвенције на производе;2;Учешће у БДП, %;00;2004;0.7
0902010302IND01;RS;РЕПУБЛИКА СРБИЈА;32;Субвенције на производе;3;Вредност, сталне цене (цене претходне године), мил. РСД;00;2004;11009.2
0902010302IND01;RS;РЕПУБЛИКА СРБИЈА;32;Субвенције на производе;4;Вредност, уланчане мере обима, референтна 2010. година, мил. РСД;00;2004;6889.7
0902010302IND01;RS;РЕПУБЛИКА СРБИЈА;32;Субвенције на производе;5;Стопе реалног раста, претходна година = 100, %;00;2004;15.7
0902010302IND01;RS;РЕПУБЛИКА СРБИЈА;40;Бруто домаћи производ (БДП);1;Вредност, текуће цене, мил. РСД;00;2004;1526204.7
0902010302IND01;RS;РЕПУБЛИКА СРБИЈА;40;Бруто домаћи производ (БДП);2;Учешће у БДП, %;00;2004;100
0902010302IND01;RS;РЕПУБЛИКА СРБИЈА;40;Бруто домаћи производ (БДП);3;Вредност, сталне цене (цене претходне године), мил. РСД;00;2004;1411540.1
0902010302IND01;RS;РЕПУБЛИКА СРБИЈА;40;Бруто домаћи производ (БДП);4;Вредност, уланчане мере обима, референтна 2010. година, мил. РСД;00;2004;2659616.3
0902010302IND01;RS;РЕПУБЛИКА СРБИЈА;40;Бруто домаћи производ (БДП);5;Стопе реалног раста, претходна година = 100, %;00;2004;9
0902010302IND01;RS;РЕПУБЛИКА СРБИЈА;20;Бруто додата вредност (БДВ);1;Вредност, текуће цене, мил. РСД;00;2005;1533638.9
0902010302IND01;RS;РЕПУБЛИКА СРБИЈА;20;Бруто додата вредност (БДВ);2;Учешће у БДП, %;00;2005;83
0902010302IND01;RS;РЕПУБЛИКА СРБИЈА;20;Бруто додата вредност (БДВ);3;Вредност, сталне цене (цене претходне године), мил. РСД;00;2005;1367596.6
0902010302IND01;RS;РЕПУБЛИКА СРБИЈА;20;Бруто додата вредност (БДВ);4;Вредност, уланчане мере обима, референтна 2010. година, мил. РСД;00;2005;2364788.3
0902010302IND01;RS;РЕПУБЛИКА СРБИЈА;20;Бруто додата вредност (БДВ);5;Стопе реалног раста, претходна година = 100, %;00;2005;6.3
0902010302IND01;RS;РЕПУБЛИКА СРБИЈА;31;Порези на производе;1;Вредност, текуће цене, мил. РСД;00;2005;325315.3
0902010302IND01;RS;РЕПУБЛИКА СРБИЈА;31;Порези на производе;2;Учешће у БДП, %;00;2005;17.6
0902010302IND01;RS;РЕПУБЛИКА СРБИЈА;31;Порези на производе;3;Вредност, сталне цене (цене претходне године), мил. РСД;00;2005;253746.2
0902010302IND01;RS;РЕПУБЛИКА СРБИЈА;31;Порези на производе;4;Вредност, уланчане мере обима, референтна 2010. година, мил. РСД;00;2005;453466.4
0902010302IND01;RS;РЕПУБЛИКА СРБИЈА;31;Порези на производе;5;Стопе реалног раста, претходна година = 100, %;00;2005;1.4
0902010302IND01;RS;РЕПУБЛИКА СРБИЈА;32;Субвенције на производе;1;Вредност, текуће цене, мил. РСД;00;2005;12101
0902010302IND01;RS;РЕПУБЛИКА СРБИЈА;32;Субвенције на производе;2;Учешће у БДП, %;00;2005;0.7
0902010302IND01;RS;РЕПУБЛИКА СРБИЈА;32;Субвенције на производе;3;Вредност, сталне цене (цене претходне године), мил. РСД;00;2005;10733.7
0902010302IND01;RS;РЕПУБЛИКА СРБИЈА;32;Субвенције на производе;4;Вредност, уланчане мере обима, референтна 2010. година, мил. РСД;00;2005;6986.2
0902010302IND01;RS;РЕПУБЛИКА СРБИЈА;32;Субвенције на производе;5;Стопе реалног раста, претходна година = 100, %;00;2005;1.4
0902010302IND01;RS;РЕПУБЛИКА СРБИЈА;40;Бруто домаћи производ (БДП);1;Вредност, текуће цене, мил. РСД;00;2005;1846853.2
0902010302IND01;RS;РЕПУБЛИКА СРБИЈА;40;Бруто домаћи производ (БДП);2;Учешће у БДП, %;00;2005;100
0902010302IND01;RS;РЕПУБЛИКА СРБИЈА;40;Бруто домаћи производ (БДП);3;Вредност, сталне цене (цене претходне године), мил. РСД;00;2005;1610609.1
0902010302IND01;RS;РЕПУБЛИКА СРБИЈА;40;Бруто домаћи производ (БДП);4;Вредност, уланчане мере обима, референтна 2010. година, мил. РСД;00;2005;2806702.3
0902010302IND01;RS;РЕПУБЛИКА СРБИЈА;40;Бруто домаћи производ (БДП);5;Стопе реалног раста, претходна година = 100, %;00;2005;5.5
0902010302IND01;RS;РЕПУБЛИКА СРБИЈА;20;Бруто додата вредност (БДВ);1;Вредност, текуће цене, мил. РСД;00;2006;1813646.2
0902010302IND01;RS;РЕПУБЛИКА СРБИЈА;20;Бруто додата вредност (БДВ);2;Учешће у БДП, %;00;2006;83.2
0902010302IND01;RS;РЕПУБЛИКА СРБИЈА;20;Бруто додата вредност (БДВ);3;Вредност, сталне цене (цене претходне године), мил. РСД;00;2006;1594085.1
0902010302IND01;RS;РЕПУБЛИКА СРБИЈА;20;Бруто додата вредност (БДВ);4;Вредност, уланчане мере обима, референтна 2010. година, мил. РСД;00;2006;2457993.1
0902010302IND01;RS;РЕПУБЛИКА СРБИЈА;20;Бруто додата вредност (БДВ);5;Стопе реалног раста, претходна година = 100, %;00;2006;3.9
0902010302IND01;RS;РЕПУБЛИКА СРБИЈА;31;Порези на производе;1;Вредност, текуће цене, мил. РСД;00;2006;381631.5
0902010302IND01;RS;РЕПУБЛИКА СРБИЈА;31;Порези на производе;2;Учешће у БДП, %;00;2006;17.5
0902010302IND01;RS;РЕПУБЛИКА СРБИЈА;31;Порези на производе;3;Вредност, сталне цене (цене претходне године), мил. РСД;00;2006;359335.6
0902010302IND01;RS;РЕПУБЛИКА СРБИЈА;31;Порези на производе;4;Вредност, уланчане мере обима, референтна 2010. година, мил. РСД;00;2006;500888.3
0902010302IND01;RS;РЕПУБЛИКА СРБИЈА;31;Порези на производе;5;Стопе реалног раста, претходна година = 100, %;00;2006;10.5
0902010302IND01;RS;РЕПУБЛИКА СРБИЈА;32;Субвенције на производе;1;Вредност, текуће цене, мил. РСД;00;2006;14243
0902010302IND01;RS;РЕПУБЛИКА СРБИЈА;32;Субвенције на производе;2;Учешће у БДП, %;00;2006;0.7
0902010302IND01;RS;РЕПУБЛИКА СРБИЈА;32;Субвенције на производе;3;Вредност, сталне цене (цене претходне године), мил. РСД;00;2006;12234.1
0902010302IND01;RS;РЕПУБЛИКА СРБИЈА;32;Субвенције на производе;4;Вредност, уланчане мере обима, референтна 2010. година, мил. РСД;00;2006;7063
0902010302IND01;RS;РЕПУБЛИКА СРБИЈА;32;Субвенције на производе;5;Стопе реалног раста, претходна година = 100, %;00;2006;1.1
0902010302IND01;RS;РЕПУБЛИКА СРБИЈА;40;Бруто домаћи производ (БДП);1;Вредност, текуће цене, мил. РСД;00;2006;2181034.6
0902010302IND01;RS;РЕПУБЛИКА СРБИЈА;40;Бруто домаћи производ (БДП);2;Учешће у БДП, %;00;2006;100
0902010302IND01;RS;РЕПУБЛИКА СРБИЈА;40;Бруто домаћи производ (БДП);3;Вредност, сталне цене (цене претходне године), мил. РСД;00;2006;1941186.6
0902010302IND01;RS;РЕПУБЛИКА СРБИЈА;40;Бруто домаћи производ (БДП);4;Вредност, уланчане мере обима, референтна 2010. година, мил. РСД;00;2006;2950062.7
0902010302IND01;RS;РЕПУБЛИКА СРБИЈА;40;Бруто домаћи производ (БДП);5;Стопе реалног раста, претходна година = 100, %;00;2006;5.1
0902010302IND01;RS;РЕПУБЛИКА СРБИЈА;20;Бруто додата вредност (БДВ);1;Вредност, текуће цене, мил. РСД;00;2007;2092801.3
0902010302IND01;RS;РЕПУБЛИКА СРБИЈА;20;Бруто додата вредност (БДВ);2;Учешће у БДП, %;00;2007;82.9
0902010302IND01;RS;РЕПУБЛИКА СРБИЈА;20;Бруто додата вредност (БДВ);3;Вредност, сталне цене (цене претходне године), мил. РСД;00;2007;1921179
0902010302IND01;RS;РЕПУБЛИКА СРБИЈА;20;Бруто додата вредност (БДВ);4;Вредност, уланчане мере обима, референтна 2010. година, мил. РСД;00;2007;2603729.9
0902010302IND01;RS;РЕПУБЛИКА СРБИЈА;20;Бруто додата вредност (БДВ);5;Стопе реалног раста, претходна година = 100, %;00;2007;5.9
0902010302IND01;RS;РЕПУБЛИКА СРБИЈА;31;Порези на производе;1;Вредност, текуће цене, мил. РСД;00;2007;439039.4
0902010302IND01;RS;РЕПУБЛИКА СРБИЈА;31;Порези на производе;2;Учешће у БДП, %;00;2007;17.4
0902010302IND01;RS;РЕПУБЛИКА СРБИЈА;31;Порези на производе;3;Вредност, сталне цене (цене претходне године), мил. РСД;00;2007;414383.1
0902010302IND01;RS;РЕПУБЛИКА СРБИЈА;31;Порези на производе;4;Вредност, уланчане мере обима, референтна 2010. година, мил. РСД;00;2007;543874.6
0902010302IND01;RS;РЕПУБЛИКА СРБИЈА;31;Порези на производе;5;Стопе реалног раста, претходна година = 100, %;00;2007;8.6
0902010302IND01;RS;РЕПУБЛИКА СРБИЈА;32;Субвенције на производе;1;Вредност, текуће цене, мил. РСД;00;2007;8345.2
0902010302IND01;RS;РЕПУБЛИКА СРБИЈА;32;Субвенције на производе;2;Учешће у БДП, %;00;2007;0.3
0902010302IND01;RS;РЕПУБЛИКА СРБИЈА;32;Субвенције на производе;3;Вредност, сталне цене (цене претходне године), мил. РСД;00;2007;14079.2
0902010302IND01;RS;РЕПУБЛИКА СРБИЈА;32;Субвенције на производе;4;Вредност, уланчане мере обима, референтна 2010. година, мил. РСД;00;2007;6981.8
0902010302IND01;RS;РЕПУБЛИКА СРБИЈА;32;Субвенције на производе;5;Стопе реалног раста, претходна година = 100, %;00;2007;-1.2
0902010302IND01;RS;РЕПУБЛИКА СРБИЈА;40;Бруто домаћи производ (БДП);1;Вредност, текуће цене, мил. РСД;00;2007;2523495.5
0902010302IND01;RS;РЕПУБЛИКА СРБИЈА;40;Бруто домаћи производ (БДП);2;Учешће у БДП, %;00;2007;100
0902010302IND01;RS;РЕПУБЛИКА СРБИЈА;40;Бруто домаћи производ (БДП);3;Вредност, сталне цене (цене претходне године), мил. РСД;00;2007;2321482.9
0902010302IND01;RS;РЕПУБЛИКА СРБИЈА;40;Бруто домаћи производ (БДП);4;Вредност, уланчане мере обима, референтна 2010. година, мил. РСД;00;2007;3140032.8
0902010302IND01;RS;РЕПУБЛИКА СРБИЈА;40;Бруто домаћи производ (БДП);5;Стопе реалног раста, претходна година = 100, %;00;2007;6.4
0902010302IND01;RS;РЕПУБЛИКА СРБИЈА;20;Бруто додата вредност (БДВ);1;Вредност, текуће цене, мил. РСД;00;2008;2431807.9
0902010302IND01;RS;РЕПУБЛИКА СРБИЈА;20;Бруто додата вредност (БДВ);2;Учешће у БДП, %;00;2008;83.6
0902010302IND01;RS;РЕПУБЛИКА СРБИЈА;20;Бруто додата вредност (БДВ);3;Вредност, сталне цене (цене претходне године), мил. РСД;00;2008;2212513.3
0902010302IND01;RS;РЕПУБЛИКА СРБИЈА;20;Бруто додата вредност (БДВ);4;Вредност, уланчане мере обима, референтна 2010. година, мил. РСД;00;2008;2752667.9
0902010302IND01;RS;РЕПУБЛИКА СРБИЈА;20;Бруто додата вредност (БДВ);5;Стопе реалног раста, претходна година = 100, %;00;2008;5.7
0902010302IND01;RS;РЕПУБЛИКА СРБИЈА;31;Порези на производе;1;Вредност, текуће цене, мил. РСД;00;2008;490919.8
0902010302IND01;RS;РЕПУБЛИКА СРБИЈА;31;Порези на производе;2;Учешће у БДП, %;00;2008;16.9
0902010302IND01;RS;РЕПУБЛИКА СРБИЈА;31;Порези на производе;3;Вредност, сталне цене (цене претходне године), мил. РСД;00;2008;462371.1
0902010302IND01;RS;РЕПУБЛИКА СРБИЈА;31;Порези на производе;4;Вредност, уланчане мере обима, референтна 2010. година, мил. РСД;00;2008;572777.5
0902010302IND01;RS;РЕПУБЛИКА СРБИЈА;31;Порези на производе;5;Стопе реалног раста, претходна година = 100, %;00;2008;5.3
0902010302IND01;RS;РЕПУБЛИКА СРБИЈА;32;Субвенције на производе;1;Вредност, текуће цене, мил. РСД;00;2008;14283
0902010302IND01;RS;РЕПУБЛИКА СРБИЈА;32;Субвенције на производе;2;Учешће у БДП, %;00;2008;0.5
0902010302IND01;RS;РЕПУБЛИКА СРБИЈА;32;Субвенције на производе;3;Вредност, сталне цене (цене претходне године), мил. РСД;00;2008;8670.7
0902010302IND01;RS;РЕПУБЛИКА СРБИЈА;32;Субвенције на производе;4;Вредност, уланчане мере обима, референтна 2010. година, мил. РСД;00;2008;7254.1
0902010302IND01;RS;РЕПУБЛИКА СРБИЈА;32;Субвенције на производе;5;Стопе реалног раста, претходна година = 100, %;00;2008;3.9
0902010302IND01;RS;РЕПУБЛИКА СРБИЈА;40;Бруто домаћи производ (БДП);1;Вредност, текуће цене, мил. РСД;00;2008;2908444.7
0902010302IND01;RS;РЕПУБЛИКА СРБИЈА;40;Бруто домаћи производ (БДП);2;Учешће у БДП, %;00;2008;100
0902010302IND01;RS;РЕПУБЛИКА СРБИЈА;40;Бруто домаћи производ (БДП);3;Вредност, сталне цене (цене претходне године), мил. РСД;00;2008;2666213.7
0902010302IND01;RS;РЕПУБЛИКА СРБИЈА;40;Бруто домаћи производ (БДП);4;Вредност, уланчане мере обима, референтна 2010. година, мил. РСД;00;2008;3317619.8
0902010302IND01;RS;РЕПУБЛИКА СРБИЈА;40;Бруто домаћи производ (БДП);5;Стопе реалног раста, претходна година = 100, %;00;2008;5.7
0902010302IND01;RS;РЕПУБЛИКА СРБИЈА;20;Бруто додата вредност (БДВ);1;Вредност, текуће цене, мил. РСД;00;2009;2555322.5
0902010302IND01;RS;РЕПУБЛИКА СРБИЈА;20;Бруто додата вредност (БДВ);2;Учешће у БДП, %;00;2009;83.7
0902010302IND01;RS;РЕПУБЛИКА СРБИЈА;20;Бруто додата вредност (БДВ);3;Вредност, сталне цене (цене претходне године), мил. РСД;00;2009;2377690
0902010302IND01;RS;РЕПУБЛИКА СРБИЈА;20;Бруто додата вредност (БДВ);4;Вредност, уланчане мере обима, референтна 2010. година, мил. РСД;00;2009;2691409.5
0902010302IND01;RS;РЕПУБЛИКА СРБИЈА;20;Бруто додата вредност (БДВ);5;Стопе реалног раста, претходна година = 100, %;00;2009;-2.2
0902010302IND01;RS;РЕПУБЛИКА СРБИЈА;31;Порези на производе;1;Вредност, текуће цене, мил. РСД;00;2009;500369
0902010302IND01;RS;РЕПУБЛИКА СРБИЈА;31;Порези на производе;2;Учешће у БДП, %;00;2009;16.4
0902010302IND01;RS;РЕПУБЛИКА СРБИЈА;31;Порези на производе;3;Вредност, сталне цене (цене претходне године), мил. РСД;00;2009;465250.5
0902010302IND01;RS;РЕПУБЛИКА СРБИЈА;31;Порези на производе;4;Вредност, уланчане мере обима, референтна 2010. година, мил. РСД;00;2009;542828.1
0902010302IND01;RS;РЕПУБЛИКА СРБИЈА;31;Порези на производе;5;Стопе реалног раста, претходна година = 100, %;00;2009;-5.2
0902010302IND01;RS;РЕПУБЛИКА СРБИЈА;32;Субвенције на производе;1;Вредност, текуће цене, мил. РСД;00;2009;3556
0902010302IND01;RS;РЕПУБЛИКА СРБИЈА;32;Субвенције на производе;2;Учешће у БДП, %;00;2009;0.1
0902010302IND01;RS;РЕПУБЛИКА СРБИЈА;32;Субвенције на производе;3;Вредност, сталне цене (цене претходне године), мил. РСД;00;2009;13947.3
0902010302IND01;RS;РЕПУБЛИКА СРБИЈА;32;Субвенције на производе;4;Вредност, уланчане мере обима, референтна 2010. година, мил. РСД;00;2009;7083.6
0902010302IND01;RS;РЕПУБЛИКА СРБИЈА;32;Субвенције на производе;5;Стопе реалног раста, претходна година = 100, %;00;2009;-2.3
0902010302IND01;RS;РЕПУБЛИКА СРБИЈА;40;Бруто домаћи производ (БДП);1;Вредност, текуће цене, мил. РСД;00;2009;3052135.5
0902010302IND01;RS;РЕПУБЛИКА СРБИЈА;40;Бруто домаћи производ (БДП);2;Учешће у БДП, %;00;2009;100
0902010302IND01;RS;РЕПУБЛИКА СРБИЈА;40;Бруто домаћи производ (БДП);3;Вредност, сталне цене (цене претходне године), мил. РСД;00;2009;2828993.2
0902010302IND01;RS;РЕПУБЛИКА СРБИЈА;40;Бруто домаћи производ (БДП);4;Вредност, уланчане мере обима, референтна 2010. година, мил. РСД;00;2009;3226990.6
0902010302IND01;RS;РЕПУБЛИКА СРБИЈА;40;Бруто домаћи производ (БДП);5;Стопе реалног раста, претходна година = 100, %;00;2009;-2.7
0902010302IND01;RS;РЕПУБЛИКА СРБИЈА;20;Бруто додата вредност (БДВ);1;Вредност, текуће цене, мил. РСД;00;2010;2716989.8
0902010302IND01;RS;РЕПУБЛИКА СРБИЈА;20;Бруто додата вредност (БДВ);2;Учешће у БДП, %;00;2010;83.6
0902010302IND01;RS;РЕПУБЛИКА СРБИЈА;20;Бруто додата вредност (БДВ);3;Вредност, сталне цене (цене претходне године), мил. РСД;00;2010;2579609.3
0902010302IND01;RS;РЕПУБЛИКА СРБИЈА;20;Бруто додата вредност (БДВ);4;Вредност, уланчане мере обима, референтна 2010. година, мил. РСД;00;2010;2716989.8
0902010302IND01;RS;РЕПУБЛИКА СРБИЈА;20;Бруто додата вредност (БДВ);5;Стопе реалног раста, претходна година = 100, %;00;2010;1
0902010302IND01;RS;РЕПУБЛИКА СРБИЈА;31;Порези на производе;1;Вредност, текуће цене, мил. РСД;00;2010;540699.3
0902010302IND01;RS;РЕПУБЛИКА СРБИЈА;31;Порези на производе;2;Учешће у БДП, %;00;2010;16.6
0902010302IND01;RS;РЕПУБЛИКА СРБИЈА;31;Порези на производе;3;Вредност, сталне цене (цене претходне године), мил. РСД;00;2010;498406.7
0902010302IND01;RS;РЕПУБЛИКА СРБИЈА;31;Порези на производе;4;Вредност, уланчане мере обима, референтна 2010. година, мил. РСД;00;2010;540699.3
0902010302IND01;RS;РЕПУБЛИКА СРБИЈА;31;Порези на производе;5;Стопе реалног раста, претходна година = 100, %;00;2010;-0.4
0902010302IND01;RS;РЕПУБЛИКА СРБИЈА;32;Субвенције на производе;1;Вредност, текуће цене, мил. РСД;00;2010;7107.7
0902010302IND01;RS;РЕПУБЛИКА СРБИЈА;32;Субвенције на производе;2;Учешће у БДП, %;00;2010;0.2
0902010302IND01;RS;РЕПУБЛИКА СРБИЈА;32;Субвенције на производе;3;Вредност, сталне цене (цене претходне године), мил. РСД;00;2010;3568.1
0902010302IND01;RS;РЕПУБЛИКА СРБИЈА;32;Субвенције на производе;4;Вредност, уланчане мере обима, референтна 2010. година, мил. РСД;00;2010;7107.7
0902010302IND01;RS;РЕПУБЛИКА СРБИЈА;32;Субвенције на производе;5;Стопе реалног раста, претходна година = 100, %;00;2010;0.3
0902010302IND01;RS;РЕПУБЛИКА СРБИЈА;40;Бруто домаћи производ (БДП);1;Вредност, текуће цене, мил. РСД;00;2010;3250581.3
0902010302IND01;RS;РЕПУБЛИКА СРБИЈА;40;Бруто домаћи производ (БДП);2;Учешће у БДП, %;00;2010;100
0902010302IND01;RS;РЕПУБЛИКА СРБИЈА;40;Бруто домаћи производ (БДП);3;Вредност, сталне цене (цене претходне године), мил. РСД;00;2010;3074447.9
0902010302IND01;RS;РЕПУБЛИКА СРБИЈА;40;Бруто домаћи производ (БДП);4;Вредност, уланчане мере обима, референтна 2010. година, мил. РСД;00;2010;3250581.3
0902010302IND01;RS;РЕПУБЛИКА СРБИЈА;40;Бруто домаћи производ (БДП);5;Стопе реалног раста, претходна година = 100, %;00;2010;0.7
0902010302IND01;RS;РЕПУБЛИКА СРБИЈА;20;Бруто додата вредност (БДВ);1;Вредност, текуће цене, мил. РСД;00;2011;3047677.5
0902010302IND01;RS;РЕПУБЛИКА СРБИЈА;20;Бруто додата вредност (БДВ);2;Учешће у БДП, %;00;2011;84.4
0902010302IND01;RS;РЕПУБЛИКА СРБИЈА;20;Бруто додата вредност (БДВ);3;Вредност, сталне цене (цене претходне године), мил. РСД;00;2011;2773323.9
0902010302IND01;RS;РЕПУБЛИКА СРБИЈА;20;Бруто додата вредност (БДВ);4;Вредност, уланчане мере обима, референтна 2010. година, мил. РСД;00;2011;2773323.9
0902010302IND01;RS;РЕПУБЛИКА СРБИЈА;20;Бруто додата вредност (БДВ);5;Стопе реалног раста, претходна година = 100, %;00;2011;2.1
0902010302IND01;RS;РЕПУБЛИКА СРБИЈА;31;Порези на производе;1;Вредност, текуће цене, мил. РСД;00;2011;572447.8
0902010302IND01;RS;РЕПУБЛИКА СРБИЈА;31;Порези на производе;2;Учешће у БДП, %;00;2011;15.8
0902010302IND01;RS;РЕПУБЛИКА СРБИЈА;31;Порези на производе;3;Вредност, сталне цене (цене претходне године), мил. РСД;00;2011;550483.9
0902010302IND01;RS;РЕПУБЛИКА СРБИЈА;31;Порези на производе;4;Вредност, уланчане мере обима, референтна 2010. година, мил. РСД;00;2011;550483.9
0902010302IND01;RS;РЕПУБЛИКА СРБИЈА;31;Порези на производе;5;Стопе реалног раста, претходна година = 100, %;00;2011;1.8
0902010302IND01;RS;РЕПУБЛИКА СРБИЈА;32;Субвенције на производе;1;Вредност, текуће цене, мил. РСД;00;2011;7858.6
0902010302IND01;RS;РЕПУБЛИКА СРБИЈА;32;Субвенције на производе;2;Учешће у БДП, %;00;2011;0.2
0902010302IND01;RS;РЕПУБЛИКА СРБИЈА;32;Субвенције на производе;3;Вредност, сталне цене (цене претходне године), мил. РСД;00;2011;7035.7
0902010302IND01;RS;РЕПУБЛИКА СРБИЈА;32;Субвенције на производе;4;Вредност, уланчане мере обима, референтна 2010. година, мил. РСД;00;2011;7035.7
0902010302IND01;RS;РЕПУБЛИКА СРБИЈА;32;Субвенције на производе;5;Стопе реалног раста, претходна година = 100, %;00;2011;-1
0902010302IND01;RS;РЕПУБЛИКА СРБИЈА;40;Бруто домаћи производ (БДП);1;Вредност, текуће цене, мил. РСД;00;2011;3612266.6
0902010302IND01;RS;РЕПУБЛИКА СРБИЈА;40;Бруто домаћи производ (БДП);2;Учешће у БДП, %;00;2011;100
0902010302IND01;RS;РЕПУБЛИКА СРБИЈА;40;Бруто домаћи производ (БДП);3;Вредност, сталне цене (цене претходне године), мил. РСД;00;2011;3316772.1
0902010302IND01;RS;РЕПУБЛИКА СРБИЈА;40;Бруто домаћи производ (БДП);4;Вредност, уланчане мере обима, референтна 2010. година, мил. РСД;00;2011;3316772.1
0902010302IND01;RS;РЕПУБЛИКА СРБИЈА;40;Бруто домаћи производ (БДП);5;Стопе реалног раста, претходна година = 100, %;00;2011;2
0902010302IND01;RS;РЕПУБЛИКА СРБИЈА;20;Бруто додата вредност (БДВ);1;Вредност, текуће цене, мил. РСД;00;2012;3215813.3
0902010302IND01;RS;РЕПУБЛИКА СРБИЈА;20;Бруто додата вредност (БДВ);2;Учешће у БДП, %;00;2012;84.4
0902010302IND01;RS;РЕПУБЛИКА СРБИЈА;20;Бруто додата вредност (БДВ);3;Вредност, сталне цене (цене претходне године), мил. РСД;00;2012;3028724.4
0902010302IND01;RS;РЕПУБЛИКА СРБИЈА;20;Бруто додата вредност (БДВ);4;Вредност, уланчане мере обима, референтна 2010. година, мил. РСД;00;2012;2756077
0902010302IND01;RS;РЕПУБЛИКА СРБИЈА;20;Бруто додата вредност (БДВ);5;Стопе реалног раста, претходна година = 100, %;00;2012;-0.6
0902010302IND01;RS;РЕПУБЛИКА СРБИЈА;31;Порези на производе;1;Вредност, текуће цене, мил. РСД;00;2012;602569.5
0902010302IND01;RS;РЕПУБЛИКА СРБИЈА;31;Порези на производе;2;Учешће у БДП, %;00;2012;15.8
0902010302IND01;RS;РЕПУБЛИКА СРБИЈА;31;Порези на производе;3;Вредност, сталне цене (цене претходне године), мил. РСД;00;2012;566123.2
0902010302IND01;RS;РЕПУБЛИКА СРБИЈА;31;Порези на производе;4;Вредност, уланчане мере обима, референтна 2010. година, мил. РСД;00;2012;544402
0902010302IND01;RS;РЕПУБЛИКА СРБИЈА;31;Порези на производе;5;Стопе реалног раста, претходна година = 100, %;00;2012;-1.1
0902010302IND01;RS;РЕПУБЛИКА СРБИЈА;32;Субвенције на производе;1;Вредност, текуће цене, мил. РСД;00;2012;8324.9
0902010302IND01;RS;РЕПУБЛИКА СРБИЈА;32;Субвенције на производе;2;Учешће у БДП, %;00;2012;0.2
0902010302IND01;RS;РЕПУБЛИКА СРБИЈА;32;Субвенције на производе;3;Вредност, сталне цене (цене претходне године), мил. РСД;00;2012;7200.1
0902010302IND01;RS;РЕПУБЛИКА СРБИЈА;32;Субвенције на производе;4;Вредност, уланчане мере обима, референтна 2010. година, мил. РСД;00;2012;6446.1
0902010302IND01;RS;РЕПУБЛИКА СРБИЈА;32;Субвенције на производе;5;Стопе реалног раста, претходна година = 100, %;00;2012;-8.4
0902010302IND01;RS;РЕПУБЛИКА СРБИЈА;40;Бруто домаћи производ (БДП);1;Вредност, текуће цене, мил. РСД;00;2012;3810057.9
0902010302IND01;RS;РЕПУБЛИКА СРБИЈА;40;Бруто домаћи производ (БДП);2;Учешће у БДП, %;00;2012;100
0902010302IND01;RS;РЕПУБЛИКА СРБИЈА;40;Бруто домаћи производ (БДП);3;Вредност, сталне цене (цене претходне године), мил. РСД;00;2012;3587647.5
0902010302IND01;RS;РЕПУБЛИКА СРБИЈА;40;Бруто домаћи производ (БДП);4;Вредност, уланчане мере обима, референтна 2010. година, мил. РСД;00;2012;3294167
0902010302IND01;RS;РЕПУБЛИКА СРБИЈА;40;Бруто домаћи производ (БДП);5;Стопе реалног раста, претходна година = 100, %;00;2012;-0.7
0902010302IND01;RS;РЕПУБЛИКА СРБИЈА;20;Бруто додата вредност (БДВ);1;Вредност, текуће цене, мил. РСД;00;2013;3487377.2
0902010302IND01;RS;РЕПУБЛИКА СРБИЈА;20;Бруто додата вредност (БДВ);2;Учешће у БДП, %;00;2013;84.6
0902010302IND01;RS;РЕПУБЛИКА СРБИЈА;20;Бруто додата вредност (БДВ);3;Вредност, сталне цене (цене претходне године), мил. РСД;00;2013;3333842.8
0902010302IND01;RS;РЕПУБЛИКА СРБИЈА;20;Бруто додата вредност (БДВ);4;Вредност, уланчане мере обима, референтна 2010. година, мил. РСД;00;2013;2857232.9
0902010302IND01;RS;РЕПУБЛИКА СРБИЈА;20;Бруто додата вредност (БДВ);5;Стопе реалног раста, претходна година = 100, %;00;2013;3.7
0902010302IND01;RS;РЕПУБЛИКА СРБИЈА;31;Порези на производе;1;Вредност, текуће цене, мил. РСД;00;2013;639583
0902010302IND01;RS;РЕПУБЛИКА СРБИЈА;31;Порези на производе;2;Учешће у БДП, %;00;2013;15.5
0902010302IND01;RS;РЕПУБЛИКА СРБИЈА;31;Порези на производе;3;Вредност, сталне цене (цене претходне године), мил. РСД;00;2013;595463.6
0902010302IND01;RS;РЕПУБЛИКА СРБИЈА;31;Порези на производе;4;Вредност, уланчане мере обима, референтна 2010. година, мил. РСД;00;2013;537982
0902010302IND01;RS;РЕПУБЛИКА СРБИЈА;31;Порези на производе;5;Стопе реалног раста, претходна година = 100, %;00;2013;-1.2
0902010302IND01;RS;РЕПУБЛИКА СРБИЈА;32;Субвенције на производе;1;Вредност, текуће цене, мил. РСД;00;2013;5760
0902010302IND01;RS;РЕПУБЛИКА СРБИЈА;32;Субвенције на производе;2;Учешће у БДП, %;00;2013;0.1
0902010302IND01;RS;РЕПУБЛИКА СРБИЈА;32;Субвенције на производе;3;Вредност, сталне цене (цене претходне године), мил. РСД;00;2013;9037.4
0902010302IND01;RS;РЕПУБЛИКА СРБИЈА;32;Субвенције на производе;4;Вредност, уланчане мере обима, референтна 2010. година, мил. РСД;00;2013;6997.8
0902010302IND01;RS;РЕПУБЛИКА СРБИЈА;32;Субвенције на производе;5;Стопе реалног раста, претходна година = 100, %;00;2013;8.6
0902010302IND01;RS;РЕПУБЛИКА СРБИЈА;40;Бруто домаћи производ (БДП);1;Вредност, текуће цене, мил. РСД;00;2013;4121200.2
0902010302IND01;RS;РЕПУБЛИКА СРБИЈА;40;Бруто домаћи производ (БДП);2;Учешће у БДП, %;00;2013;100
0902010302IND01;RS;РЕПУБЛИКА СРБИЈА;40;Бруто домаћи производ (БДП);3;Вредност, сталне цене (цене претходне године), мил. РСД;00;2013;3920269
0902010302IND01;RS;РЕПУБЛИКА СРБИЈА;40;Бруто домаћи производ (БДП);4;Вредност, уланчане мере обима, референтна 2010. година, мил. РСД;00;2013;3389455.2
0902010302IND01;RS;РЕПУБЛИКА СРБИЈА;40;Бруто домаћи производ (БДП);5;Стопе реалног раста, претходна година = 100, %;00;2013;2.9
0902010302IND01;RS;РЕПУБЛИКА СРБИЈА;20;Бруто додата вредност (БДВ);1;Вредност, текуће цене, мил. РСД;00;2014;3494671.6
0902010302IND01;RS;РЕПУБЛИКА СРБИЈА;20;Бруто додата вредност (БДВ);2;Учешће у БДП, %;00;2014;84
0902010302IND01;RS;РЕПУБЛИКА СРБИЈА;20;Бруто додата вредност (БДВ);3;Вредност, сталне цене (цене претходне године), мил. РСД;00;2014;3420676.6
0902010302IND01;RS;РЕПУБЛИКА СРБИЈА;20;Бруто додата вредност (БДВ);4;Вредност, уланчане мере обима, референтна 2010. година, мил. РСД;00;2014;2802584.6
0902010302IND01;RS;РЕПУБЛИКА СРБИЈА;20;Бруто додата вредност (БДВ);5;Стопе реалног раста, претходна година = 100, %;00;2014;-1.9
0902010302IND01;RS;РЕПУБЛИКА СРБИЈА;31;Порези на производе;1;Вредност, текуће цене, мил. РСД;00;2014;675562.8
0902010302IND01;RS;РЕПУБЛИКА СРБИЈА;31;Порези на производе;2;Учешће у БДП, %;00;2014;16.2
0902010302IND01;RS;РЕПУБЛИКА СРБИЈА;31;Порези на производе;3;Вредност, сталне цене (цене претходне године), мил. РСД;00;2014;640949.1
0902010302IND01;RS;РЕПУБЛИКА СРБИЈА;31;Порези на производе;4;Вредност, уланчане мере обима, референтна 2010. година, мил. РСД;00;2014;539131.1
0902010302IND01;RS;РЕПУБЛИКА СРБИЈА;31;Порези на производе;5;Стопе реалног раста, претходна година = 100, %;00;2014;0.2
0902010302IND01;RS;РЕПУБЛИКА СРБИЈА;32;Субвенције на производе;1;Вредност, текуће цене, мил. РСД;00;2014;9686
0902010302IND01;RS;РЕПУБЛИКА СРБИЈА;32;Субвенције на производе;2;Учешће у БДП, %;00;2014;0.2
0902010302IND01;RS;РЕПУБЛИКА СРБИЈА;32;Субвенције на производе;3;Вредност, сталне цене (цене претходне године), мил. РСД;00;2014;5932.3
0902010302IND01;RS;РЕПУБЛИКА СРБИЈА;32;Субвенције на производе;4;Вредност, уланчане мере обима, референтна 2010. година, мил. РСД;00;2014;7207.2
0902010302IND01;RS;РЕПУБЛИКА СРБИЈА;32;Субвенције на производе;5;Стопе реалног раста, претходна година = 100, %;00;2014;3
0902010302IND01;RS;РЕПУБЛИКА СРБИЈА;40;Бруто домаћи производ (БДП);1;Вредност, текуће цене, мил. РСД;00;2014;4160548.5
0902010302IND01;RS;РЕПУБЛИКА СРБИЈА;40;Бруто домаћи производ (БДП);2;Учешће у БДП, %;00;2014;100
0902010302IND01;RS;РЕПУБЛИКА СРБИЈА;40;Бруто домаћи производ (БДП);3;Вредност, сталне цене (цене претходне године), мил. РСД;00;2014;4055693.3
0902010302IND01;RS;РЕПУБЛИКА СРБИЈА;40;Бруто домаћи производ (БДП);4;Вредност, уланчане мере обима, референтна 2010. година, мил. РСД;00;2014;3335579.5
0902010302IND01;RS;РЕПУБЛИКА СРБИЈА;40;Бруто домаћи производ (БДП);5;Стопе реалног раста, претходна година = 100, %;00;2014;-1.6
0902010302IND01;RS;РЕПУБЛИКА СРБИЈА;20;Бруто додата вредност (БДВ);1;Вредност, текуће цене, мил. РСД;00;2015;3594788.4
0902010302IND01;RS;РЕПУБЛИКА СРБИЈА;20;Бруто додата вредност (БДВ);2;Учешће у БДП, %;00;2015;83.4
0902010302IND01;RS;РЕПУБЛИКА СРБИЈА;20;Бруто додата вредност (БДВ);3;Вредност, сталне цене (цене претходне године), мил. РСД;00;2015;3574281.3
0902010302IND01;RS;РЕПУБЛИКА СРБИЈА;20;Бруто додата вредност (БДВ);4;Вредност, уланчане мере обима, референтна 2010. година, мил. РСД;00;2015;2866428.3
0902010302IND01;RS;РЕПУБЛИКА СРБИЈА;20;Бруто додата вредност (БДВ);5;Стопе реалног раста, претходна година = 100, %;00;2015;2.3
0902010302IND01;RS;РЕПУБЛИКА СРБИЈА;31;Порези на производе;1;Вредност, текуће цене, мил. РСД;00;2015;723002.9
0902010302IND01;RS;РЕПУБЛИКА СРБИЈА;31;Порези на производе;2;Учешће у БДП, %;00;2015;16.8
0902010302IND01;RS;РЕПУБЛИКА СРБИЈА;31;Порези на производе;3;Вредност, сталне цене (цене претходне године), мил. РСД;00;2015;669951.6
0902010302IND01;RS;РЕПУБЛИКА СРБИЈА;31;Порези на производе;4;Вредност, уланчане мере обима, референтна 2010. година, мил. РСД;00;2015;534653.1
0902010302IND01;RS;РЕПУБЛИКА СРБИЈА;31;Порези на производе;5;Стопе реалног раста, претходна година = 100, %;00;2015;-0.8
0902010302IND01;RS;РЕПУБЛИКА СРБИЈА;32;Субвенције на производе;1;Вредност, текуће цене, мил. РСД;00;2015;5753.2
0902010302IND01;RS;РЕПУБЛИКА СРБИЈА;32;Субвенције на производе;2;Учешће у БДП, %;00;2015;0.1
0902010302IND01;RS;РЕПУБЛИКА СРБИЈА;32;Субвенције на производе;3;Вредност, сталне цене (цене претходне године), мил. РСД;00;2015;9779.7
0902010302IND01;RS;РЕПУБЛИКА СРБИЈА;32;Субвенције на производе;4;Вредност, уланчане мере обима, референтна 2010. година, мил. РСД;00;2015;7276.9
0902010302IND01;RS;РЕПУБЛИКА СРБИЈА;32;Субвенције на производе;5;Стопе реалног раста, претходна година = 100, %;00;2015;1
0902010302IND01;RS;РЕПУБЛИКА СРБИЈА;40;Бруто домаћи производ (БДП);1;Вредност, текуће цене, мил. РСД;00;2015;4312038.1
0902010302IND01;RS;РЕПУБЛИКА СРБИЈА;40;Бруто домаћи производ (БДП);2;Учешће у БДП, %;00;2015;100
0902010302IND01;RS;РЕПУБЛИКА СРБИЈА;40;Бруто домаћи производ (БДП);3;Вредност, сталне цене (цене претходне године), мил. РСД;00;2015;4234453.2
0902010302IND01;RS;РЕПУБЛИКА СРБИЈА;40;Бруто домаћи производ (БДП);4;Вредност, уланчане мере обима, референтна 2010. година, мил. РСД;00;2015;3394830.2
0902010302IND01;RS;РЕПУБЛИКА СРБИЈА;40;Бруто домаћи производ (БДП);5;Стопе реалног раста, претходна година = 100, %;00;2015;1.8
0902010302IND01;RS;РЕПУБЛИКА СРБИЈА;20;Бруто додата вредност (БДВ);1;Вредност, текуће цене, мил. РСД;00;2016;3749021.2
0902010302IND01;RS;РЕПУБЛИКА СРБИЈА;20;Бруто додата вредност (БДВ);2;Учешће у БДП, %;00;2016;82.9
0902010302IND01;RS;РЕПУБЛИКА СРБИЈА;20;Бруто додата вредност (БДВ);3;Вредност, сталне цене (цене претходне године), мил. РСД;00;2016;3731440.5
0902010302IND01;RS;РЕПУБЛИКА СРБИЈА;20;Бруто додата вредност (БДВ);4;Вредност, уланчане мере обима, референтна 2010. година, мил. РСД;00;2016;2975392.6
0902010302IND01;RS;РЕПУБЛИКА СРБИЈА;20;Бруто додата вредност (БДВ);5;Стопе реалног раста, претходна година = 100, %;00;2016;3.8
0902010302IND01;RS;РЕПУБЛИКА СРБИЈА;31;Порези на производе;1;Вредност, текуће цене, мил. РСД;00;2016;778183.8
0902010302IND01;RS;РЕПУБЛИКА СРБИЈА;31;Порези на производе;2;Учешће у БДП, %;00;2016;17.2
0902010302IND01;RS;РЕПУБЛИКА СРБИЈА;31;Порези на производе;3;Вредност, сталне цене (цене претходне године), мил. РСД;00;2016;730846.9
0902010302IND01;RS;РЕПУБЛИКА СРБИЈА;31;Порези на производе;4;Вредност, уланчане мере обима, референтна 2010. година, мил. РСД;00;2016;540453.6
0902010302IND01;RS;РЕПУБЛИКА СРБИЈА;31;Порези на производе;5;Стопе реалног раста, претходна година = 100, %;00;2016;1.1
0902010302IND01;RS;РЕПУБЛИКА СРБИЈА;32;Субвенције на производе;1;Вредност, текуће цене, мил. РСД;00;2016;5940.4
0902010302IND01;RS;РЕПУБЛИКА СРБИЈА;32;Субвенције на производе;2;Учешће у БДП, %;00;2016;0.1
0902010302IND01;RS;РЕПУБЛИКА СРБИЈА;32;Субвенције на производе;3;Вредност, сталне цене (цене претходне године), мил. РСД;00;2016;6212.9
0902010302IND01;RS;РЕПУБЛИКА СРБИЈА;32;Субвенције на производе;4;Вредност, уланчане мере обима, референтна 2010. година, мил. РСД;00;2016;7858.3
0902010302IND01;RS;РЕПУБЛИКА СРБИЈА;32;Субвенције на производе;5;Стопе реалног раста, претходна година = 100, %;00;2016;8
0902010302IND01;RS;РЕПУБЛИКА СРБИЈА;40;Бруто домаћи производ (БДП);1;Вредност, текуће цене, мил. РСД;00;2016;4521264.7
0902010302IND01;RS;РЕПУБЛИКА СРБИЈА;40;Бруто домаћи производ (БДП);2;Учешће у БДП, %;00;2016;100
0902010302IND01;RS;РЕПУБЛИКА СРБИЈА;40;Бруто домаћи производ (БДП);3;Вредност, сталне цене (цене претходне године), мил. РСД;00;2016;4456074.5
0902010302IND01;RS;РЕПУБЛИКА СРБИЈА;40;Бруто домаћи производ (БДП);4;Вредност, уланчане мере обима, референтна 2010. година, мил. РСД;00;2016;3508228.8
0902010302IND01;RS;РЕПУБЛИКА СРБИЈА;40;Бруто домаћи производ (БДП);5;Стопе реалног раста, претходна година = 100, %;00;2016;3.3
0902010302IND01;RS;РЕПУБЛИКА СРБИЈА;20;Бруто додата вредност (БДВ);1;Вредност, текуће цене, мил. РСД;00;2017;3946351.8
0902010302IND01;RS;РЕПУБЛИКА СРБИЈА;20;Бруто додата вредност (БДВ);2;Учешће у БДП, %;00;2017;83
0902010302IND01;RS;РЕПУБЛИКА СРБИЈА;20;Бруто додата вредност (БДВ);3;Вредност, сталне цене (цене претходне године), мил. РСД;00;2017;3828798.1
0902010302IND01;RS;РЕПУБЛИКА СРБИЈА;20;Бруто додата вредност (БДВ);4;Вредност, уланчане мере обима, референтна 2010. година, мил. РСД;00;2017;3038707.2
0902010302IND01;RS;РЕПУБЛИКА СРБИЈА;20;Бруто додата вредност (БДВ);5;Стопе реалног раста, претходна година = 100, %;00;2017;2.1
0902010302IND01;RS;РЕПУБЛИКА СРБИЈА;31;Порези на производе;1;Вредност, текуће цене, мил. РСД;00;2017;813927.3
0902010302IND01;RS;РЕПУБЛИКА СРБИЈА;31;Порези на производе;2;Учешће у БДП, %;00;2017;17.1
0902010302IND01;RS;РЕПУБЛИКА СРБИЈА;31;Порези на производе;3;Вредност, сталне цене (цене претходне године), мил. РСД;00;2017;790422
0902010302IND01;RS;РЕПУБЛИКА СРБИЈА;31;Порези на производе;4;Вредност, уланчане мере обима, референтна 2010. година, мил. РСД;00;2017;548953.1
0902010302IND01;RS;РЕПУБЛИКА СРБИЈА;31;Порези на производе;5;Стопе реалног раста, претходна година = 100, %;00;2017;1.6
0902010302IND01;RS;РЕПУБЛИКА СРБИЈА;32;Субвенције на производе;1;Вредност, текуће цене, мил. РСД;00;2017;5910.7
0902010302IND01;RS;РЕПУБЛИКА СРБИЈА;32;Субвенције на производе;2;Учешће у БДП, %;00;2017;0.1
0902010302IND01;RS;РЕПУБЛИКА СРБИЈА;32;Субвенције на производе;3;Вредност, сталне цене (цене претходне године), мил. РСД;00;2017;5300.9
0902010302IND01;RS;РЕПУБЛИКА СРБИЈА;32;Субвенције на производе;4;Вредност, уланчане мере обима, референтна 2010. година, мил. РСД;00;2017;7012.4
0902010302IND01;RS;РЕПУБЛИКА СРБИЈА;32;Субвенције на производе;5;Стопе реалног раста, претходна година = 100, %;00;2017;-10.8
0902010302IND01;RS;РЕПУБЛИКА СРБИЈА;40;Бруто домаћи производ (БДП);1;Вредност, текуће цене, мил. РСД;00;2017;4754368.4
0902010302IND01;RS;РЕПУБЛИКА СРБИЈА;40;Бруто домаћи производ (БДП);2;Учешће у БДП, %;00;2017;100
0902010302IND01;RS;РЕПУБЛИКА СРБИЈА;40;Бруто домаћи производ (БДП);3;Вредност, сталне цене (цене претходне године), мил. РСД;00;2017;4613919.2
0902010302IND01;RS;РЕПУБЛИКА СРБИЈА;40;Бруто домаћи производ (БДП);4;Вредност, уланчане мере обима, референтна 2010. година, мил. РСД;00;2017;3580123.1
0902010302IND01;RS;РЕПУБЛИКА СРБИЈА;40;Бруто домаћи производ (БДП);5;Стопе реалног раста, претходна година = 100, %;00;2017;2
0902010302IND01;RS;РЕПУБЛИКА СРБИЈА;20;Бруто додата вредност (БДВ);1;Вредност, текуће цене, мил. РСД;00;2018;4198729
0902010302IND01;RS;РЕПУБЛИКА СРБИЈА;20;Бруто додата вредност (БДВ);2;Учешће у БДП, %;00;2018;82.8
0902010302IND01;RS;РЕПУБЛИКА СРБИЈА;20;Бруто додата вредност (БДВ);3;Вредност, сталне цене (цене претходне године), мил. РСД;00;2018;4126487.6
0902010302IND01;RS;РЕПУБЛИКА СРБИЈА;20;Бруто додата вредност (БДВ);4;Вредност, уланчане мере обима, референтна 2010. година, мил. РСД;00;2018;3177412.5
0902010302IND01;RS;РЕПУБЛИКА СРБИЈА;20;Бруто додата вредност (БДВ);5;Стопе реалног раста, претходна година = 100, %;00;2018;4.6
0902010302IND01;RS;РЕПУБЛИКА СРБИЈА;31;Порези на производе;1;Вредност, текуће цене, мил. РСД;00;2018;876331.2
0902010302IND01;RS;РЕПУБЛИКА СРБИЈА;31;Порези на производе;2;Учешће у БДП, %;00;2018;17.3
0902010302IND01;RS;РЕПУБЛИКА СРБИЈА;31;Порези на производе;3;Вредност, сталне цене (цене претходне године), мил. РСД;00;2018;843229.469670916
0902010302IND01;RS;РЕПУБЛИКА СРБИЈА;31;Порези на производе;4;Вредност, уланчане мере обима, референтна 2010. година, мил. РСД;00;2018;568716
0902010302IND01;RS;РЕПУБЛИКА СРБИЈА;31;Порези на производе;5;Стопе реалног раста, претходна година = 100, %;00;2018;3.6
0902010302IND01;RS;РЕПУБЛИКА СРБИЈА;32;Субвенције на производе;1;Вредност, текуће цене, мил. РСД;00;2018;6471.7
0902010302IND01;RS;РЕПУБЛИКА СРБИЈА;32;Субвенције на производе;2;Учешће у БДП, %;00;2018;0.1
0902010302IND01;RS;РЕПУБЛИКА СРБИЈА;32;Субвенције на производе;3;Вредност, сталне цене (цене претходне године), мил. РСД;00;2018;6525.6
0902010302IND01;RS;РЕПУБЛИКА СРБИЈА;32;Субвенције на производе;4;Вредност, уланчане мере обима, референтна 2010. година, мил. РСД;00;2018;7741.9
0902010302IND01;RS;РЕПУБЛИКА СРБИЈА;32;Субвенције на производе;5;Стопе реалног раста, претходна година = 100, %;00;2018;10.4
0902010302IND01;RS;РЕПУБЛИКА СРБИЈА;40;Бруто домаћи производ (БДП);1;Вредност, текуће цене, мил. РСД;00;2018;5068588.5
0902010302IND01;RS;РЕПУБЛИКА СРБИЈА;40;Бруто домаћи производ (БДП);2;Учешће у БДП, %;00;2018;100
0902010302IND01;RS;РЕПУБЛИКА СРБИЈА;40;Бруто домаћи производ (БДП);3;Вредност, сталне цене (цене претходне године), мил. РСД;00;2018;4963191.5
0902010302IND01;RS;РЕПУБЛИКА СРБИЈА;40;Бруто домаћи производ (БДП);4;Вредност, уланчане мере обима, референтна 2010. година, мил. РСД;00;2018;3737370.6
0902010302IND01;RS;РЕПУБЛИКА СРБИЈА;40;Бруто домаћи производ (БДП);5;Стопе реалног раста, претходна година = 100, %;00;2018;4.4
