idindikator;IDTer;nTer;IDTehnickaStruktura;nTehnickaStruktura;mes;god;vrednost
0902010602IND03;RS;РЕПУБЛИКА СРБИЈА;0;Укупно;00;1995;201146.060392056
0902010602IND03;RS;РЕПУБЛИКА СРБИЈА;1;Зграде и остале грађевине;00;1995;165573.842406738
0902010602IND03;RS;РЕПУБЛИКА СРБИЈА;4;Стамбене зграде;00;1995;52491.1226239857
0902010602IND03;RS;РЕПУБЛИКА СРБИЈА;5;Нестамбене зграде и остале грађевине;00;1995;112072.941152989
0902010602IND03;RS;РЕПУБЛИКА СРБИЈА;6;Машине и опрема (+ војна опрема);00;1995;40326.6838389486
0902010602IND03;RS;РЕПУБЛИКА СРБИЈА;7;Култивисани биолошки ресурси;00;1995;5232.22272256462
0902010602IND03;RS;РЕПУБЛИКА СРБИЈА;8;Интелектуална својина;00;1995;17999.4379390541
0902010602IND03;RS;РЕПУБЛИКА СРБИЈА;0;Укупно;00;1996;222131.899583721
0902010602IND03;RS;РЕПУБЛИКА СРБИЈА;1;Зграде и остале грађевине;00;1996;169407.180866037
0902010602IND03;RS;РЕПУБЛИКА СРБИЈА;4;Стамбене зграде;00;1996;52790.5295033926
0902010602IND03;RS;РЕПУБЛИКА СРБИЈА;5;Нестамбене зграде и остале грађевине;00;1996;116057.068679113
0902010602IND03;RS;РЕПУБЛИКА СРБИЈА;6;Машине и опрема (+ војна опрема);00;1996;53055.2297613214
0902010602IND03;RS;РЕПУБЛИКА СРБИЈА;7;Култивисани биолошки ресурси;00;1996;4528.19425265045
0902010602IND03;RS;РЕПУБЛИКА СРБИЈА;8;Интелектуална својина;00;1996;17752.7041888061
0902010602IND03;RS;РЕПУБЛИКА СРБИЈА;0;Укупно;00;1997;273178.131430843
0902010602IND03;RS;РЕПУБЛИКА СРБИЈА;1;Зграде и остале грађевине;00;1997;176806.433943406
0902010602IND03;RS;РЕПУБЛИКА СРБИЈА;4;Стамбене зграде;00;1997;60196.2549559198
0902010602IND03;RS;РЕПУБЛИКА СРБИЈА;5;Нестамбене зграде и остале грађевине;00;1997;113787.887032145
0902010602IND03;RS;РЕПУБЛИКА СРБИЈА;6;Машине и опрема (+ војна опрема);00;1997;85140.6016485022
0902010602IND03;RS;РЕПУБЛИКА СРБИЈА;7;Култивисани биолошки ресурси;00;1997;4796.93195641228
0902010602IND03;RS;РЕПУБЛИКА СРБИЈА;8;Интелектуална својина;00;1997;20749.1561847932
0902010602IND03;RS;РЕПУБЛИКА СРБИЈА;0;Укупно;00;1998;283137.169356516
0902010602IND03;RS;РЕПУБЛИКА СРБИЈА;1;Зграде и остале грађевине;00;1998;191751.258454939
0902010602IND03;RS;РЕПУБЛИКА СРБИЈА;4;Стамбене зграде;00;1998;63626.8368888466
0902010602IND03;RS;РЕПУБЛИКА СРБИЈА;5;Нестамбене зграде и остале грађевине;00;1998;125791.068260651
0902010602IND03;RS;РЕПУБЛИКА СРБИЈА;6;Машине и опрема (+ војна опрема);00;1998;80615.8134969144
0902010602IND03;RS;РЕПУБЛИКА СРБИЈА;7;Култивисани биолошки ресурси;00;1998;5873.0235599414
0902010602IND03;RS;РЕПУБЛИКА СРБИЈА;8;Интелектуална својина;00;1998;23450.4646894277
0902010602IND03;RS;РЕПУБЛИКА СРБИЈА;0;Укупно;00;1999;233319.046454741
0902010602IND03;RS;РЕПУБЛИКА СРБИЈА;1;Зграде и остале грађевине;00;1999;154396.258759171
0902010602IND03;RS;РЕПУБЛИКА СРБИЈА;4;Стамбене зграде;00;1999;59508.5804464211
0902010602IND03;RS;РЕПУБЛИКА СРБИЈА;5;Нестамбене зграде и остале грађевине;00;1999;89206.0176763399
0902010602IND03;RS;РЕПУБЛИКА СРБИЈА;6;Машине и опрема (+ војна опрема);00;1999;65908.05280118
0902010602IND03;RS;РЕПУБЛИКА СРБИЈА;7;Култивисани биолошки ресурси;00;1999;5515.12652990136
0902010602IND03;RS;РЕПУБЛИКА СРБИЈА;8;Интелектуална својина;00;1999;22254.2989873457
0902010602IND03;RS;РЕПУБЛИКА СРБИЈА;0;Укупно;00;2000;244866.030371931
0902010602IND03;RS;РЕПУБЛИКА СРБИЈА;1;Зграде и остале грађевине;00;2000;159105.999783159
0902010602IND03;RS;РЕПУБЛИКА СРБИЈА;4;Стамбене зграде;00;2000;53762.5675616964
0902010602IND03;RS;РЕПУБЛИКА СРБИЈА;5;Нестамбене зграде и остале грађевине;00;2000;102942.384838192
0902010602IND03;RS;РЕПУБЛИКА СРБИЈА;6;Машине и опрема (+ војна опрема);00;2000;70584.8906739887
0902010602IND03;RS;РЕПУБЛИКА СРБИЈА;7;Култивисани биолошки ресурси;00;2000;4230.8907220599
0902010602IND03;RS;РЕПУБЛИКА СРБИЈА;8;Интелектуална својина;00;2000;25375.7791986013
0902010602IND03;RS;РЕПУБЛИКА СРБИЈА;0;Укупно;00;2001;255891.705665334
0902010602IND03;RS;РЕПУБЛИКА СРБИЈА;1;Зграде и остале грађевине;00;2001;176266.747282187
0902010602IND03;RS;РЕПУБЛИКА СРБИЈА;4;Стамбене зграде;00;2001;53218.6683015167
0902010602IND03;RS;РЕПУБЛИКА СРБИЈА;5;Нестамбене зграде и остале грађевине;00;2001;122503.436907332
0902010602IND03;RS;РЕПУБЛИКА СРБИЈА;6;Машине и опрема (+ војна опрема);00;2001;68094.4172704233
0902010602IND03;RS;РЕПУБЛИКА СРБИЈА;7;Култивисани биолошки ресурси;00;2001;4343.21889202013
0902010602IND03;RS;РЕПУБЛИКА СРБИЈА;8;Интелектуална својина;00;2001;26113.1537148962
0902010602IND03;RS;РЕПУБЛИКА СРБИЈА;0;Укупно;00;2002;331864.232859643
0902010602IND03;RS;РЕПУБЛИКА СРБИЈА;1;Зграде и остале грађевине;00;2002;223436.621894996
0902010602IND03;RS;РЕПУБЛИКА СРБИЈА;4;Стамбене зграде;00;2002;62973.4633969934
0902010602IND03;RS;РЕПУБЛИКА СРБИЈА;5;Нестамбене зграде и остале грађевине;00;2002;160657.257176348
0902010602IND03;RS;РЕПУБЛИКА СРБИЈА;6;Машине и опрема (+ војна опрема);00;2002;96136.1832866656
0902010602IND03;RS;РЕПУБЛИКА СРБИЈА;7;Култивисани биолошки ресурси;00;2002;5399.46468718728
0902010602IND03;RS;РЕПУБЛИКА СРБИЈА;8;Интелектуална својина;00;2002;26706.3009676264
0902010602IND03;RS;РЕПУБЛИКА СРБИЈА;0;Укупно;00;2003;402816.057847329
0902010602IND03;RS;РЕПУБЛИКА СРБИЈА;1;Зграде и остале грађевине;00;2003;242284.158994652
0902010602IND03;RS;РЕПУБЛИКА СРБИЈА;4;Стамбене зграде;00;2003;76002.0256002605
0902010602IND03;RS;РЕПУБЛИКА СРБИЈА;5;Нестамбене зграде и остале грађевине;00;2003;166039.04719603
0902010602IND03;RS;РЕПУБЛИКА СРБИЈА;6;Машине и опрема (+ војна опрема);00;2003;139904.906278613
0902010602IND03;RS;РЕПУБЛИКА СРБИЈА;7;Култивисани биолошки ресурси;00;2003;5993.25294421878
0902010602IND03;RS;РЕПУБЛИКА СРБИЈА;8;Интелектуална својина;00;2003;28056.2367822419
0902010602IND03;RS;РЕПУБЛИКА СРБИЈА;0;Укупно;00;2004;479293.186331927
0902010602IND03;RS;РЕПУБЛИКА СРБИЈА;1;Зграде и остале грађевине;00;2004;253402.88424107
0902010602IND03;RS;РЕПУБЛИКА СРБИЈА;4;Стамбене зграде;00;2004;81356.1517047568
0902010602IND03;RS;РЕПУБЛИКА СРБИЈА;5;Нестамбене зграде и остале грађевине;00;2004;171763.795813108
0902010602IND03;RS;РЕПУБЛИКА СРБИЈА;6;Машине и опрема (+ војна опрема);00;2004;196314.443737982
0902010602IND03;RS;РЕПУБЛИКА СРБИЈА;7;Култивисани биолошки ресурси;00;2004;6098.90074472869
0902010602IND03;RS;РЕПУБЛИКА СРБИЈА;8;Интелектуална својина;00;2004;30589.0655722732
0902010602IND03;RS;РЕПУБЛИКА СРБИЈА;0;Укупно;00;2005;506020.812681134
0902010602IND03;RS;РЕПУБЛИКА СРБИЈА;1;Зграде и остале грађевине;00;2005;276033.747769247
0902010602IND03;RS;РЕПУБЛИКА СРБИЈА;4;Стамбене зграде;00;2005;86023.57099319
0902010602IND03;RS;РЕПУБЛИКА СРБИЈА;5;Нестамбене зграде и остале грађевине;00;2005;189737.118927765
0902010602IND03;RS;РЕПУБЛИКА СРБИЈА;6;Машине и опрема (+ војна опрема);00;2005;195103.246125913
0902010602IND03;RS;РЕПУБЛИКА СРБИЈА;7;Култивисани биолошки ресурси;00;2005;7662.73177357104
0902010602IND03;RS;РЕПУБЛИКА СРБИЈА;8;Интелектуална својина;00;2005;36574.5052895356
0902010602IND03;RS;РЕПУБЛИКА СРБИЈА;0;Укупно;00;2006;584732.58275311
0902010602IND03;RS;РЕПУБЛИКА СРБИЈА;1;Зграде и остале грађевине;00;2006;301710.248194864
0902010602IND03;RS;РЕПУБЛИКА СРБИЈА;4;Стамбене зграде;00;2006;80941.0796503343
0902010602IND03;RS;РЕПУБЛИКА СРБИЈА;5;Нестамбене зграде и остале грађевине;00;2006;220631.283185609
0902010602IND03;RS;РЕПУБЛИКА СРБИЈА;6;Машине и опрема (+ војна опрема);00;2006;235175.726768876
0902010602IND03;RS;РЕПУБЛИКА СРБИЈА;7;Култивисани биолошки ресурси;00;2006;8395.01601262322
0902010602IND03;RS;РЕПУБЛИКА СРБИЈА;8;Интелектуална својина;00;2006;46564.3196261628
0902010602IND03;RS;РЕПУБЛИКА СРБИЈА;0;Укупно;00;2007;733811.085914366
0902010602IND03;RS;РЕПУБЛИКА СРБИЈА;1;Зграде и остале грађевине;00;2007;329223.249659071
0902010602IND03;RS;РЕПУБЛИКА СРБИЈА;4;Стамбене зграде;00;2007;76368.3048355823
0902010602IND03;RS;РЕПУБЛИКА СРБИЈА;5;Нестамбене зграде и остале грађевине;00;2007;252829.149228396
0902010602IND03;RS;РЕПУБЛИКА СРБИЈА;6;Машине и опрема (+ војна опрема);00;2007;342879.133179765
0902010602IND03;RS;РЕПУБЛИКА СРБИЈА;7;Култивисани биолошки ресурси;00;2007;6817.15341089635
0902010602IND03;RS;РЕПУБЛИКА СРБИЈА;8;Интелектуална својина;00;2007;57912.2442659931
0902010602IND03;RS;РЕПУБЛИКА СРБИЈА;0;Укупно;00;2008;793188.957388461
0902010602IND03;RS;РЕПУБЛИКА СРБИЈА;1;Зграде и остале грађевине;00;2008;331922.00293816
0902010602IND03;RS;РЕПУБЛИКА СРБИЈА;4;Стамбене зграде;00;2008;71848.5486508022
0902010602IND03;RS;РЕПУБЛИКА СРБИЈА;5;Нестамбене зграде и остале грађевине;00;2008;260069.082693456
0902010602IND03;RS;РЕПУБЛИКА СРБИЈА;6;Машине и опрема (+ војна опрема);00;2008;390434.280326987
0902010602IND03;RS;РЕПУБЛИКА СРБИЈА;7;Култивисани биолошки ресурси;00;2008;5491.14752032172
0902010602IND03;RS;РЕПУБЛИКА СРБИЈА;8;Интелектуална својина;00;2008;68756.2248822557
0902010602IND03;RS;РЕПУБЛИКА СРБИЈА;0;Укупно;00;2009;614532.055783096
0902010602IND03;RS;РЕПУБЛИКА СРБИЈА;1;Зграде и остале грађевине;00;2009;291900.939486559
0902010602IND03;RS;РЕПУБЛИКА СРБИЈА;4;Стамбене зграде;00;2009;68867.4903317168
0902010602IND03;RS;РЕПУБЛИКА СРБИЈА;5;Нестамбене зграде и остале грађевине;00;2009;223037.23936149
0902010602IND03;RS;РЕПУБЛИКА СРБИЈА;6;Машине и опрема (+ војна опрема);00;2009;260508.412189229
0902010602IND03;RS;РЕПУБЛИКА СРБИЈА;7;Култивисани биолошки ресурси;00;2009;4320.97353851635
0902010602IND03;RS;РЕПУБЛИКА СРБИЈА;8;Интелектуална својина;00;2009;57752.4611661067
0902010602IND03;RS;РЕПУБЛИКА СРБИЈА;0;Укупно;00;2010;574556.454277894
0902010602IND03;RS;РЕПУБЛИКА СРБИЈА;1;Зграде и остале грађевине;00;2010;269995.648752054
0902010602IND03;RS;РЕПУБЛИКА СРБИЈА;4;Стамбене зграде;00;2010;61806.1635986526
0902010602IND03;RS;РЕПУБЛИКА СРБИЈА;5;Нестамбене зграде и остале грађевине;00;2010;208189.485153401
0902010602IND03;RS;РЕПУБЛИКА СРБИЈА;6;Машине и опрема (+ војна опрема);00;2010;242731.763448006
0902010602IND03;RS;РЕПУБЛИКА СРБИЈА;7;Култивисани биолошки ресурси;00;2010;4764.86262487195
0902010602IND03;RS;РЕПУБЛИКА СРБИЈА;8;Интелектуална својина;00;2010;57064.1794529632
0902010602IND03;RS;РЕПУБЛИКА СРБИЈА;0;Укупно;00;2011;601372.540727587
0902010602IND03;RS;РЕПУБЛИКА СРБИЈА;1;Зграде и остале грађевине;00;2011;286784.048842365
0902010602IND03;RS;РЕПУБЛИКА СРБИЈА;4;Стамбене зграде;00;2011;57014.2215439932
0902010602IND03;RS;РЕПУБЛИКА СРБИЈА;5;Нестамбене зграде и остале грађевине;00;2011;229769.827298372
0902010602IND03;RS;РЕПУБЛИКА СРБИЈА;6;Машине и опрема (+ војна опрема);00;2011;246614.181717924
0902010602IND03;RS;РЕПУБЛИКА СРБИЈА;7;Култивисани биолошки ресурси;00;2011;5975.58346516888
0902010602IND03;RS;РЕПУБЛИКА СРБИЈА;8;Интелектуална својина;00;2011;61998.7267021289
0902010602IND03;RS;РЕПУБЛИКА СРБИЈА;0;Укупно;00;2012;685042.149740976
0902010602IND03;RS;РЕПУБЛИКА СРБИЈА;1;Зграде и остале грађевине;00;2012;284748.168535105
0902010602IND03;RS;РЕПУБЛИКА СРБИЈА;4;Стамбене зграде;00;2012;55461.8552278242
0902010602IND03;RS;РЕПУБЛИКА СРБИЈА;5;Нестамбене зграде и остале грађевине;00;2012;229287.050494711
0902010602IND03;RS;РЕПУБЛИКА СРБИЈА;6;Машине и опрема (+ војна опрема);00;2012;328219.831176799
0902010602IND03;RS;РЕПУБЛИКА СРБИЈА;7;Култивисани биолошки ресурси;00;2012;6694.87473197978
0902010602IND03;RS;РЕПУБЛИКА СРБИЈА;8;Интелектуална својина;00;2012;66624.2349506198
0902010602IND03;RS;РЕПУБЛИКА СРБИЈА;0;Укупно;00;2013;603145.671117598
0902010602IND03;RS;РЕПУБЛИКА СРБИЈА;1;Зграде и остале грађевине;00;2013;225254.579870177
0902010602IND03;RS;РЕПУБЛИКА СРБИЈА;4;Стамбене зграде;00;2013;41316.4513295728
0902010602IND03;RS;РЕПУБЛИКА СРБИЈА;5;Нестамбене зграде и остале грађевине;00;2013;183940.299594095
0902010602IND03;RS;РЕПУБЛИКА СРБИЈА;6;Машине и опрема (+ војна опрема);00;2013;300838.689765502
0902010602IND03;RS;РЕПУБЛИКА СРБИЈА;7;Култивисани биолошки ресурси;00;2013;5860.4055867346
0902010602IND03;RS;РЕПУБЛИКА СРБИЈА;8;Интелектуална својина;00;2013;72429.6441549347
0902010602IND03;RS;РЕПУБЛИКА СРБИЈА;0;Укупно;00;2014;582373.607561008
0902010602IND03;RS;РЕПУБЛИКА СРБИЈА;1;Зграде и остале грађевине;00;2014;219453.86221651
0902010602IND03;RS;РЕПУБЛИКА СРБИЈА;4;Стамбене зграде;00;2014;33029.3452201424
0902010602IND03;RS;РЕПУБЛИКА СРБИЈА;5;Нестамбене зграде и остале грађевине;00;2014;186428.094634161
0902010602IND03;RS;РЕПУБЛИКА СРБИЈА;6;Машине и опрема (+ војна опрема);00;2014;287907.286412433
0902010602IND03;RS;РЕПУБЛИКА СРБИЈА;7;Култивисани биолошки ресурси;00;2014;7064.9744311359
0902010602IND03;RS;РЕПУБЛИКА СРБИЈА;8;Интелектуална својина;00;2014;68601.5185538718
0902010602IND03;RS;РЕПУБЛИКА СРБИЈА;0;Укупно;00;2015;610707.842024574
0902010602IND03;RS;РЕПУБЛИКА СРБИЈА;1;Зграде и остале грађевине;00;2015;222898.097567919
0902010602IND03;RS;РЕПУБЛИКА СРБИЈА;4;Стамбене зграде;00;2015;33118.6350240944
0902010602IND03;RS;РЕПУБЛИКА СРБИЈА;5;Нестамбене зграде и остале грађевине;00;2015;189783.197943309
0902010602IND03;RS;РЕПУБЛИКА СРБИЈА;6;Машине и опрема (+ војна опрема);00;2015;294894.049698389
0902010602IND03;RS;РЕПУБЛИКА СРБИЈА;7;Култивисани биолошки ресурси;00;2015;7351.1792356508
0902010602IND03;RS;РЕПУБЛИКА СРБИЈА;8;Интелектуална својина;00;2015;85582.1723912636
0902010602IND03;RS;РЕПУБЛИКА СРБИЈА;0;Укупно;00;2016;643733.063237365
0902010602IND03;RS;РЕПУБЛИКА СРБИЈА;1;Зграде и остале грађевине;00;2016;240349.063175987
0902010602IND03;RS;РЕПУБЛИКА СРБИЈА;4;Стамбене зграде;00;2016;39472.8664221016
0902010602IND03;RS;РЕПУБЛИКА СРБИЈА;5;Нестамбене зграде и остале грађевине;00;2016;200879.376154348
0902010602IND03;RS;РЕПУБЛИКА СРБИЈА;6;Машине и опрема (+ војна опрема);00;2016;316842.674303331
0902010602IND03;RS;РЕПУБЛИКА СРБИЈА;7;Култивисани биолошки ресурси;00;2016;8041.20761248067
0902010602IND03;RS;РЕПУБЛИКА СРБИЈА;8;Интелектуална својина;00;2016;79379.5626035787
0902010602IND03;RS;РЕПУБЛИКА СРБИЈА;0;Укупно;00;2017;691003.188382107
0902010602IND03;RS;РЕПУБЛИКА СРБИЈА;1;Зграде и остале грађевине;00;2017;261857.697183256
0902010602IND03;RS;РЕПУБЛИКА СРБИЈА;4;Стамбене зграде;00;2017;48263.377083182
0902010602IND03;RS;РЕПУБЛИКА СРБИЈА;5;Нестамбене зграде и остале грађевине;00;2017;213598.20684862
0902010602IND03;RS;РЕПУБЛИКА СРБИЈА;6;Машине и опрема (+ војна опрема);00;2017;341587.354024878
0902010602IND03;RS;РЕПУБЛИКА СРБИЈА;7;Култивисани биолошки ресурси;00;2017;8155.71789050933
0902010602IND03;RS;РЕПУБЛИКА СРБИЈА;8;Интелектуална својина;00;2017;80756.9041211958
0902010602IND03;RS;РЕПУБЛИКА СРБИЈА;0;Укупно;00;2018;814221.778701701
0902010602IND03;RS;РЕПУБЛИКА СРБИЈА;1;Зграде и остале грађевине;00;2018;307060.739544771
0902010602IND03;RS;РЕПУБЛИКА СРБИЈА;4;Стамбене зграде;00;2018;53214.2768157952
0902010602IND03;RS;РЕПУБЛИКА СРБИЈА;5;Нестамбене зграде и остале грађевине;00;2018;253852.460087008
0902010602IND03;RS;РЕПУБЛИКА СРБИЈА;6;Машине и опрема (+ војна опрема);00;2018;404889.207573466
0902010602IND03;RS;РЕПУБЛИКА СРБИЈА;7;Култивисани биолошки ресурси;00;2018;9530.45829271552
0902010602IND03;RS;РЕПУБЛИКА СРБИЈА;8;Интелектуална својина;00;2018;94642.9599745329
