idindikator;IDTer;nTer;mes;god;IDVrUredjaja;nVrUredjaja;vrednost
270101IND01;6;РЕПУБЛИКА СРБИЈА;00;2006;1;ТВ;95.7
270101IND01;6;РЕПУБЛИКА СРБИЈА;00;2006;2;Мобилни телефон;71.2
270101IND01;6;РЕПУБЛИКА СРБИЈА;00;2006;3;Персонални рачунар (PC);26.5
270101IND01;6;РЕПУБЛИКА СРБИЈА;00;2006;4;Кабловска ТВ;30.2
270101IND01;6;РЕПУБЛИКА СРБИЈА;00;2006;5;Лаптоп;1.5
270101IND01;6;РЕПУБЛИКА СРБИЈА;00;2007;1;ТВ;97.8
270101IND01;6;РЕПУБЛИКА СРБИЈА;00;2019;2;Мобилни телефон;93.7
270101IND01;6;РЕПУБЛИКА СРБИЈА;00;2019;3;Персонални рачунар (PC);73.1
270101IND01;6;РЕПУБЛИКА СРБИЈА;00;2019;4;Кабловска ТВ;
270101IND01;6;РЕПУБЛИКА СРБИЈА;00;2019;5;Лаптоп;49
270101IND01;6;РЕПУБЛИКА СРБИЈА;00;2018;1;ТВ;99.1
270101IND01;6;РЕПУБЛИКА СРБИЈА;00;2018;2;Мобилни телефон;93
270101IND01;6;РЕПУБЛИКА СРБИЈА;00;2018;3;Персонални рачунар (PC);72.1
270101IND01;6;РЕПУБЛИКА СРБИЈА;00;2018;4;Кабловска ТВ;
270101IND01;6;РЕПУБЛИКА СРБИЈА;00;2018;5;Лаптоп;47.6
270101IND01;6;РЕПУБЛИКА СРБИЈА;00;2019;1;ТВ;97.9
270101IND01;6;РЕПУБЛИКА СРБИЈА;00;2016;5;Лаптоп;39.2
270101IND01;6;РЕПУБЛИКА СРБИЈА;00;2017;1;ТВ;99.6
270101IND01;6;РЕПУБЛИКА СРБИЈА;00;2017;2;Мобилни телефон;90.5
270101IND01;6;РЕПУБЛИКА СРБИЈА;00;2017;3;Персонални рачунар (PC);68.1
270101IND01;6;РЕПУБЛИКА СРБИЈА;00;2017;4;Кабловска ТВ;58.4
270101IND01;6;РЕПУБЛИКА СРБИЈА;00;2017;5;Лаптоп;43.7
270101IND01;6;РЕПУБЛИКА СРБИЈА;00;2015;4;Кабловска ТВ;53.6
270101IND01;6;РЕПУБЛИКА СРБИЈА;00;2015;5;Лаптоп;39
270101IND01;6;РЕПУБЛИКА СРБИЈА;00;2016;1;ТВ;97.8
270101IND01;6;РЕПУБЛИКА СРБИЈА;00;2016;2;Мобилни телефон;90.2
270101IND01;6;РЕПУБЛИКА СРБИЈА;00;2016;3;Персонални рачунар (PC);65.8
270101IND01;6;РЕПУБЛИКА СРБИЈА;00;2016;4;Кабловска ТВ;57.3
270101IND01;6;РЕПУБЛИКА СРБИЈА;00;2014;3;Персонални рачунар (PC);63.2
270101IND01;6;РЕПУБЛИКА СРБИЈА;00;2014;4;Кабловска ТВ;49.8
270101IND01;6;РЕПУБЛИКА СРБИЈА;00;2014;5;Лаптоп;38.7
270101IND01;6;РЕПУБЛИКА СРБИЈА;00;2015;1;ТВ;99.3
270101IND01;6;РЕПУБЛИКА СРБИЈА;00;2015;2;Мобилни телефон;90.3
270101IND01;6;РЕПУБЛИКА СРБИЈА;00;2015;3;Персонални рачунар (PC);64.4
270101IND01;6;РЕПУБЛИКА СРБИЈА;00;2013;2;Мобилни телефон;86.9
270101IND01;6;РЕПУБЛИКА СРБИЈА;00;2013;3;Персонални рачунар (PC);59.9
270101IND01;6;РЕПУБЛИКА СРБИЈА;00;2013;4;Кабловска ТВ;47.6
270101IND01;6;РЕПУБЛИКА СРБИЈА;00;2013;5;Лаптоп;31.6
270101IND01;6;РЕПУБЛИКА СРБИЈА;00;2014;1;ТВ;99
270101IND01;6;РЕПУБЛИКА СРБИЈА;00;2014;2;Мобилни телефон;90.6
270101IND01;6;РЕПУБЛИКА СРБИЈА;00;2012;1;ТВ;98.2
270101IND01;6;РЕПУБЛИКА СРБИЈА;00;2012;2;Мобилни телефон;83.9
270101IND01;6;РЕПУБЛИКА СРБИЈА;00;2012;3;Персонални рачунар (PC);55.2
270101IND01;6;РЕПУБЛИКА СРБИЈА;00;2012;4;Кабловска ТВ;44.5
270101IND01;6;РЕПУБЛИКА СРБИЈА;00;2012;5;Лаптоп;21.4
270101IND01;6;РЕПУБЛИКА СРБИЈА;00;2013;1;ТВ;98.2
270101IND01;6;РЕПУБЛИКА СРБИЈА;00;2010;5;Лаптоп;11.2
270101IND01;6;РЕПУБЛИКА СРБИЈА;00;2011;1;ТВ;98.9
270101IND01;6;РЕПУБЛИКА СРБИЈА;00;2011;2;Мобилни телефон;82.5
270101IND01;6;РЕПУБЛИКА СРБИЈА;00;2011;3;Персонални рачунар (PC);52.1
270101IND01;6;РЕПУБЛИКА СРБИЈА;00;2011;4;Кабловска ТВ;44.4
270101IND01;6;РЕПУБЛИКА СРБИЈА;00;2011;5;Лаптоп;15.5
270101IND01;6;РЕПУБЛИКА СРБИЈА;00;2009;4;Кабловска ТВ;41.9
270101IND01;6;РЕПУБЛИКА СРБИЈА;00;2009;5;Лаптоп;9.3
270101IND01;6;РЕПУБЛИКА СРБИЈА;00;2010;1;ТВ;98.7
270101IND01;6;РЕПУБЛИКА СРБИЈА;00;2010;2;Мобилни телефон;82
270101IND01;6;РЕПУБЛИКА СРБИЈА;00;2010;3;Персонални рачунар (PC);50.4
270101IND01;6;РЕПУБЛИКА СРБИЈА;00;2010;4;Кабловска ТВ;42.6
270101IND01;6;РЕПУБЛИКА СРБИЈА;00;2008;3;Персонални рачунар (PC);40.8
270101IND01;6;РЕПУБЛИКА СРБИЈА;00;2008;4;Кабловска ТВ;40.5
270101IND01;6;РЕПУБЛИКА СРБИЈА;00;2008;5;Лаптоп;5.8
270101IND01;6;РЕПУБЛИКА СРБИЈА;00;2009;1;ТВ;98.6
270101IND01;6;РЕПУБЛИКА СРБИЈА;00;2009;2;Мобилни телефон;80.1
270101IND01;6;РЕПУБЛИКА СРБИЈА;00;2009;3;Персонални рачунар (PC);46.8
270101IND01;6;РЕПУБЛИКА СРБИЈА;00;2007;2;Мобилни телефон;73.6
270101IND01;6;РЕПУБЛИКА СРБИЈА;00;2007;3;Персонални рачунар (PC);34
270101IND01;6;РЕПУБЛИКА СРБИЈА;00;2007;4;Кабловска ТВ;33.8
270101IND01;6;РЕПУБЛИКА СРБИЈА;00;2007;5;Лаптоп;3.8
270101IND01;6;РЕПУБЛИКА СРБИЈА;00;2008;1;ТВ;98.4
270101IND01;6;РЕПУБЛИКА СРБИЈА;00;2008;2;Мобилни телефон;74.5
