idindikator;IDTer;nTer;mes;god;vrednost
270307IND03;RS;РЕПУБЛИКА СРБИЈА;00;2010;67.5
270307IND03;RS;РЕПУБЛИКА СРБИЈА;00;2011;67.6
270307IND03;RS;РЕПУБЛИКА СРБИЈА;00;2012;73.8
270307IND03;RS;РЕПУБЛИКА СРБИЈА;00;2013;73.8
270307IND03;RS;РЕПУБЛИКА СРБИЈА;00;2014;74
270307IND03;RS;РЕПУБЛИКА СРБИЈА;00;2015;75.2
270307IND03;RS;РЕПУБЛИКА СРБИЈА;00;2016;80.8
270307IND03;RS;РЕПУБЛИКА СРБИЈА;00;2017;80.4
270307IND03;RS;РЕПУБЛИКА СРБИЈА;00;2018;82.6
270307IND03;RS;РЕПУБЛИКА СРБИЈА;00;2019;83.6
270307IND03;RS11;Београдски регион;00;2019;84
270307IND03;RS11;Београдски регион;00;2018;89
270307IND03;RS11;Београдски регион;00;2017;85.3
270307IND03;RS11;Београдски регион;00;2016;84
270307IND03;RS11;Београдски регион;00;2015;83.3
270307IND03;RS11;Београдски регион;00;2014;81.3
270307IND03;RS11;Београдски регион;00;2013;83.7
270307IND03;RS11;Београдски регион;00;2012;85.9
270307IND03;RS11;Београдски регион;00;2011;76.8
270307IND03;RS11;Београдски регион;00;2010;80.6
270307IND03;RS12;Регион Војводине;00;2010;61.2
270307IND03;RS12;Регион Војводине;00;2011;64.8
270307IND03;RS12;Регион Војводине;00;2012;75.4
270307IND03;RS12;Регион Војводине;00;2013;73.5
270307IND03;RS12;Регион Војводине;00;2014;70.8
270307IND03;RS12;Регион Војводине;00;2015;71.5
270307IND03;RS12;Регион Војводине;00;2016;80.8
270307IND03;RS12;Регион Војводине;00;2017;81.7
270307IND03;RS12;Регион Војводине;00;2018;83.2
270307IND03;RS12;Регион Војводине;00;2019;91
270307IND03;RS21;Регион Шумадије и Западне Србије;00;2019;78.9
270307IND03;RS21;Регион Шумадије и Западне Србије;00;2018;75.5
270307IND03;RS21;Регион Шумадије и Западне Србије;00;2017;76.2
270307IND03;RS21;Регион Шумадије и Западне Србије;00;2016;78.6
270307IND03;RS21;Регион Шумадије и Западне Србије;00;2015;70.5
270307IND03;RS21;Регион Шумадије и Западне Србије;00;2014;70.1
270307IND03;RS21;Регион Шумадије и Западне Србије;00;2013;63.1
270307IND03;RS21;Регион Шумадије и Западне Србије;00;2012;60.2
270307IND03;RS21;Регион Шумадије и Западне Србије;00;2011;59.8
270307IND03;RS21;Регион Шумадије и Западне Србије;00;2010;58.9
270307IND03;RS22;Регион Јужне и Источне Србије;00;2010;57.3
270307IND03;RS22;Регион Јужне и Источне Србије;00;2011;57.8
270307IND03;RS22;Регион Јужне и Источне Србије;00;2012;58.1
270307IND03;RS22;Регион Јужне и Источне Србије;00;2013;60.7
270307IND03;RS22;Регион Јужне и Источне Србије;00;2014;66.6
270307IND03;RS22;Регион Јужне и Источне Србије;00;2015;68.5
270307IND03;RS22;Регион Јужне и Источне Србије;00;2016;76.3
270307IND03;RS22;Регион Јужне и Источне Србије;00;2017;71.8
270307IND03;RS22;Регион Јужне и Источне Србије;00;2018;74.5
270307IND03;RS22;Регион Јужне и Источне Србије;00;2019;75.4
