idindikator;IDTer;nTer;mes;god;IDUpotrebaIKT;nUpotrebaIKT;vrednost
270201IND02;6;РЕПУБЛИКА СРБИЈА;00;2006;1;Никада није користио/користила;68.4
270201IND02;6;РЕПУБЛИКА СРБИЈА;00;2006;2;У последња 3 месеца;23.9
270201IND02;6;РЕПУБЛИКА СРБИЈА;00;2006;3;Пре више од 3 месеца (мање од 1 године);3.3
270201IND02;6;РЕПУБЛИКА СРБИЈА;00;2006;4;Пре више од годину дана;4.4
270201IND02;6;РЕПУБЛИКА СРБИЈА;00;2007;1;Никада није користио/користила;65.4
270201IND02;6;РЕПУБЛИКА СРБИЈА;00;2007;2;У последња 3 месеца;29.9
270201IND02;6;РЕПУБЛИКА СРБИЈА;00;2019;3;Пре више од 3 месеца (мање од 1 године);1.1
270201IND02;6;РЕПУБЛИКА СРБИЈА;00;2019;4;Пре више од годину дана;2.1
270201IND02;6;РЕПУБЛИКА СРБИЈА;00;2018;1;Никада није користио/користила;24.2
270201IND02;6;РЕПУБЛИКА СРБИЈА;00;2018;2;У последња 3 месеца;73.4
270201IND02;6;РЕПУБЛИКА СРБИЈА;00;2018;3;Пре више од 3 месеца (мање од 1 године);1.2
270201IND02;6;РЕПУБЛИКА СРБИЈА;00;2018;4;Пре више од годину дана;1.2
270201IND02;6;РЕПУБЛИКА СРБИЈА;00;2019;1;Никада није користио/користила;19.4
270201IND02;6;РЕПУБЛИКА СРБИЈА;00;2019;2;У последња 3 месеца;77.4
270201IND02;6;РЕПУБЛИКА СРБИЈА;00;2016;3;Пре више од 3 месеца (мање од 1 године);1.6
270201IND02;6;РЕПУБЛИКА СРБИЈА;00;2016;4;Пре више од годину дана;2.2
270201IND02;6;РЕПУБЛИКА СРБИЈА;00;2017;1;Никада није користио/користила;25.6
270201IND02;6;РЕПУБЛИКА СРБИЈА;00;2017;2;У последња 3 месеца;70.5
270201IND02;6;РЕПУБЛИКА СРБИЈА;00;2017;3;Пре више од 3 месеца (мање од 1 године);1.6
270201IND02;6;РЕПУБЛИКА СРБИЈА;00;2017;4;Пре више од годину дана;2.3
270201IND02;6;РЕПУБЛИКА СРБИЈА;00;2015;1;Никада није користио/користила;30.6
270201IND02;6;РЕПУБЛИКА СРБИЈА;00;2015;2;У последња 3 месеца;65.3
270201IND02;6;РЕПУБЛИКА СРБИЈА;00;2015;3;Пре више од 3 месеца (мање од 1 године);1
270201IND02;6;РЕПУБЛИКА СРБИЈА;00;2015;4;Пре више од годину дана;3.1
270201IND02;6;РЕПУБЛИКА СРБИЈА;00;2016;1;Никада није користио/користила;29.2
270201IND02;6;РЕПУБЛИКА СРБИЈА;00;2016;2;У последња 3 месеца;67.1
270201IND02;6;РЕПУБЛИКА СРБИЈА;00;2013;3;Пре више од 3 месеца (мање од 1 године);2.7
270201IND02;6;РЕПУБЛИКА СРБИЈА;00;2013;4;Пре више од годину дана;2.3
270201IND02;6;РЕПУБЛИКА СРБИЈА;00;2014;1;Никада није користио/користила;33.1
270201IND02;6;РЕПУБЛИКА СРБИЈА;00;2014;2;У последња 3 месеца;62.1
270201IND02;6;РЕПУБЛИКА СРБИЈА;00;2014;3;Пре више од 3 месеца (мање од 1 године);1.9
270201IND02;6;РЕПУБЛИКА СРБИЈА;00;2014;4;Пре више од годину дана;2.9
270201IND02;6;РЕПУБЛИКА СРБИЈА;00;2012;1;Никада није користио/користила;48.4
270201IND02;6;РЕПУБЛИКА СРБИЈА;00;2012;2;У последња 3 месеца;48.4
270201IND02;6;РЕПУБЛИКА СРБИЈА;00;2012;3;Пре више од 3 месеца (мање од 1 године);1.6
270201IND02;6;РЕПУБЛИКА СРБИЈА;00;2012;4;Пре више од годину дана;1.6
270201IND02;6;РЕПУБЛИКА СРБИЈА;00;2013;1;Никада није користио/користила;41.5
270201IND02;6;РЕПУБЛИКА СРБИЈА;00;2013;2;У последња 3 месеца;53.5
270201IND02;6;РЕПУБЛИКА СРБИЈА;00;2010;3;Пре више од 3 месеца (мање од 1 године);2.7
270201IND02;6;РЕПУБЛИКА СРБИЈА;00;2010;4;Пре више од годину дана;2.3
270201IND02;6;РЕПУБЛИКА СРБИЈА;00;2011;1;Никада није користио/користила;53
270201IND02;6;РЕПУБЛИКА СРБИЈА;00;2011;2;У последња 3 месеца;42.2
270201IND02;6;РЕПУБЛИКА СРБИЈА;00;2011;3;Пре више од 3 месеца (мање од 1 године);2.2
270201IND02;6;РЕПУБЛИКА СРБИЈА;00;2011;4;Пре више од годину дана;2.7
270201IND02;6;РЕПУБЛИКА СРБИЈА;00;2009;1;Никада није користио/користила;56.4
270201IND02;6;РЕПУБЛИКА СРБИЈА;00;2009;2;У последња 3 месеца;38.1
270201IND02;6;РЕПУБЛИКА СРБИЈА;00;2009;3;Пре више од 3 месеца (мање од 1 године);3.6
270201IND02;6;РЕПУБЛИКА СРБИЈА;00;2009;4;Пре више од годину дана;1.9
270201IND02;6;РЕПУБЛИКА СРБИЈА;00;2010;1;Никада није користио/користила;54.1
270201IND02;6;РЕПУБЛИКА СРБИЈА;00;2010;2;У последња 3 месеца;40.9
270201IND02;6;РЕПУБЛИКА СРБИЈА;00;2007;3;Пре више од 3 месеца (мање од 1 године);3.3
270201IND02;6;РЕПУБЛИКА СРБИЈА;00;2007;4;Пре више од годину дана;1.5
270201IND02;6;РЕПУБЛИКА СРБИЈА;00;2008;1;Никада није користио/користила;59.2
270201IND02;6;РЕПУБЛИКА СРБИЈА;00;2008;2;У последња 3 месеца;35.6
270201IND02;6;РЕПУБЛИКА СРБИЈА;00;2008;3;Пре више од 3 месеца (мање од 1 године);2.8
270201IND02;6;РЕПУБЛИКА СРБИЈА;00;2008;4;Пре више од годину дана;2.4
