idindikator;IDTer;nTer;mes;god;vrednost
100109IND01;RS;РЕПУБЛИКА СРБИЈА;00;2010;0.7
100109IND01;RS;РЕПУБЛИКА СРБИЈА;00;2011;0.68
100109IND01;RS;РЕПУБЛИКА СРБИЈА;00;2012;0.85
100109IND01;RS;РЕПУБЛИКА СРБИЈА;00;2013;0.68
100109IND01;RS;РЕПУБЛИКА СРБИЈА;00;2014;0.72
100109IND01;RS;РЕПУБЛИКА СРБИЈА;00;2015;0.81
100109IND01;RS;РЕПУБЛИКА СРБИЈА;00;2016;0.84
100109IND01;RS;РЕПУБЛИКА СРБИЈА;00;2017;0.87
100109IND01;RS;РЕПУБЛИКА СРБИЈА;00;2018;0.92
