idindikator;IDSredstva;nSredstva;IDTer;nTer;mes;god;vrednost
100107IND01;0;Укупна средства;RS;РЕПУБЛИКА СРБИЈА;00;2007;8124439
100107IND01;1;Средства обезбеђена из буџета;RS;РЕПУБЛИКА СРБИЈА;00;2007;6030921
100107IND01;0;Укупна средства;RS1;СРБИЈА – СЕВЕР;00;2007;7713144
100107IND01;1;Средства обезбеђена из буџета;RS1;СРБИЈА – СЕВЕР;00;2007;5651885
100107IND01;0;Укупна средства;RS11;Београдски регион;00;2007;6571130
100107IND01;1;Средства обезбеђена из буџета;RS11;Београдски регион;00;2007;4835627
100107IND01;0;Укупна средства;RS12;Регион Војводине;00;2007;1142014
100107IND01;1;Средства обезбеђена из буџета;RS12;Регион Војводине;00;2007;816258
100107IND01;0;Укупна средства;RS2;СРБИЈА – ЈУГ;00;2007;411295
100107IND01;1;Средства обезбеђена из буџета;RS2;СРБИЈА – ЈУГ;00;2007;379036
100107IND01;0;Укупна средства;RS21;Регион Шумадије и Западне Србије;00;2007;196062
100107IND01;1;Средства обезбеђена из буџета;RS21;Регион Шумадије и Западне Србије;00;2007;170203
100107IND01;0;Укупна средства;RS22;Регион Јужне и Источне Србије;00;2007;215233
100107IND01;1;Средства обезбеђена из буџета;RS22;Регион Јужне и Источне Србије;00;2007;208833
100107IND01;0;Укупна средства;RS;РЕПУБЛИКА СРБИЈА;00;2008;10241247
100107IND01;1;Средства обезбеђена из буџета;RS;РЕПУБЛИКА СРБИЈА;00;2008;6191206
100107IND01;0;Укупна средства;RS1;СРБИЈА – СЕВЕР;00;2008;9063721
100107IND01;1;Средства обезбеђена из буџета;RS1;СРБИЈА – СЕВЕР;00;2008;5636134
100107IND01;0;Укупна средства;RS11;Београдски регион;00;2008;7709628
100107IND01;1;Средства обезбеђена из буџета;RS11;Београдски регион;00;2008;4660705
100107IND01;0;Укупна средства;RS12;Регион Војводине;00;2008;1354093
100107IND01;1;Средства обезбеђена из буџета;RS12;Регион Војводине;00;2008;975429
100107IND01;0;Укупна средства;RS2;СРБИЈА – ЈУГ;00;2008;1177526
100107IND01;1;Средства обезбеђена из буџета;RS2;СРБИЈА – ЈУГ;00;2008;555072
100107IND01;0;Укупна средства;RS21;Регион Шумадије и Западне Србије;00;2008;477473
100107IND01;1;Средства обезбеђена из буџета;RS21;Регион Шумадије и Западне Србије;00;2008;299405
100107IND01;0;Укупна средства;RS22;Регион Јужне и Источне Србије;00;2008;700053
100107IND01;1;Средства обезбеђена из буџета;RS22;Регион Јужне и Источне Србије;00;2008;255667
100107IND01;0;Укупна средства;RS;РЕПУБЛИКА СРБИЈА;00;2009;24944966
100107IND01;1;Средства обезбеђена из буџета;RS;РЕПУБЛИКА СРБИЈА;00;2009;15435496
100107IND01;0;Укупна средства;RS1;СРБИЈА – СЕВЕР;00;2009;22808870
100107IND01;1;Средства обезбеђена из буџета;RS1;СРБИЈА – СЕВЕР;00;2009;14383694
100107IND01;0;Укупна средства;RS11;Београдски регион;00;2009;18109050
100107IND01;1;Средства обезбеђена из буџета;RS11;Београдски регион;00;2009;11168856
100107IND01;0;Укупна средства;RS12;Регион Војводине;00;2009;4699820
100107IND01;1;Средства обезбеђена из буџета;RS12;Регион Војводине;00;2009;3214838
100107IND01;0;Укупна средства;RS2;СРБИЈА – ЈУГ;00;2009;2136096
100107IND01;1;Средства обезбеђена из буџета;RS2;СРБИЈА – ЈУГ;00;2009;1051802
100107IND01;0;Укупна средства;RS21;Регион Шумадије и Западне Србије;00;2009;1137281
100107IND01;1;Средства обезбеђена из буџета;RS21;Регион Шумадије и Западне Србије;00;2009;683736
100107IND01;0;Укупна средства;RS22;Регион Јужне и Источне Србије;00;2009;998815
100107IND01;1;Средства обезбеђена из буџета;RS22;Регион Јужне и Источне Србије;00;2009;368066
100107IND01;0;Укупна средства;RS;РЕПУБЛИКА СРБИЈА;00;2010;22828236
100107IND01;1;Средства обезбеђена из буџета;RS;РЕПУБЛИКА СРБИЈА;00;2010;13272750
100107IND01;0;Укупна средства;RS1;СРБИЈА – СЕВЕР;00;2010;21022964
100107IND01;1;Средства обезбеђена из буџета;RS1;СРБИЈА – СЕВЕР;00;2010;12122647
100107IND01;0;Укупна средства;RS11;Београдски регион;00;2010;16749741
100107IND01;1;Средства обезбеђена из буџета;RS11;Београдски регион;00;2010;8969300
100107IND01;0;Укупна средства;RS12;Регион Војводине;00;2010;4273223
100107IND01;1;Средства обезбеђена из буџета;RS12;Регион Војводине;00;2010;3153347
100107IND01;0;Укупна средства;RS2;СРБИЈА – ЈУГ;00;2010;1805272
100107IND01;1;Средства обезбеђена из буџета;RS2;СРБИЈА – ЈУГ;00;2010;1150103
100107IND01;0;Укупна средства;RS21;Регион Шумадије и Западне Србије;00;2010;1048640
100107IND01;1;Средства обезбеђена из буџета;RS21;Регион Шумадије и Западне Србије;00;2010;636784
100107IND01;0;Укупна средства;RS22;Регион Јужне и Источне Србије;00;2010;756632
100107IND01;1;Средства обезбеђена из буџета;RS22;Регион Јужне и Источне Србије;00;2010;513319
100107IND01;0;Укупна средства;RS;РЕПУБЛИКА СРБИЈА;00;2011;24683992
100107IND01;1;Средства обезбеђена из буџета;RS;РЕПУБЛИКА СРБИЈА;00;2011;15185376
100107IND01;0;Укупна средства;RS1;СРБИЈА – СЕВЕР;00;2011;22574521
100107IND01;1;Средства обезбеђена из буџета;RS1;СРБИЈА – СЕВЕР;00;2011;13750187
100107IND01;0;Укупна средства;RS11;Београдски регион;00;2011;17850962
100107IND01;1;Средства обезбеђена из буџета;RS11;Београдски регион;00;2011;10445261
100107IND01;0;Укупна средства;RS12;Регион Војводине;00;2011;4723559
100107IND01;1;Средства обезбеђена из буџета;RS12;Регион Војводине;00;2011;3304926
100107IND01;0;Укупна средства;RS2;СРБИЈА – ЈУГ;00;2011;1134346
100107IND01;1;Средства обезбеђена из буџета;RS2;СРБИЈА – ЈУГ;00;2011;781317
100107IND01;0;Укупна средства;RS21;Регион Шумадије и Западне Србије;00;2011;235061
100107IND01;1;Средства обезбеђена из буџета;RS21;Регион Шумадије и Западне Србије;00;2011;92469
100107IND01;0;Укупна средства;RS22;Регион Јужне и Источне Србије;00;2011;975125
100107IND01;1;Средства обезбеђена из буџета;RS22;Регион Јужне и Источне Србије;00;2011;653872
100107IND01;0;Укупна средства;RS;РЕПУБЛИКА СРБИЈА;00;2012;32505764
100107IND01;1;Средства обезбеђена из буџета;RS;РЕПУБЛИКА СРБИЈА;00;2012;16215130
100107IND01;0;Укупна средства;RS1;СРБИЈА – СЕВЕР;00;2012;30340549
100107IND01;1;Средства обезбеђена из буџета;RS1;СРБИЈА – СЕВЕР;00;2012;14747629
100107IND01;0;Укупна средства;RS11;Београдски регион;00;2012;24476495
100107IND01;1;Средства обезбеђена из буџета;RS11;Београдски регион;00;2012;10718358
100107IND01;0;Укупна средства;RS12;Регион Војводине;00;2012;5864054
100107IND01;1;Средства обезбеђена из буџета;RS12;Регион Војводине;00;2012;4029271
100107IND01;0;Укупна средства;RS2;СРБИЈА – ЈУГ;00;2012;2165215
100107IND01;1;Средства обезбеђена из буџета;RS2;СРБИЈА – ЈУГ;00;2012;1467501
100107IND01;0;Укупна средства;RS21;Регион Шумадије и Западне Србије;00;2012;1024805
100107IND01;1;Средства обезбеђена из буџета;RS21;Регион Шумадије и Западне Србије;00;2012;798990
100107IND01;0;Укупна средства;RS22;Регион Јужне и Источне Србије;00;2012;1140410
100107IND01;1;Средства обезбеђена из буџета;RS22;Регион Јужне и Источне Србије;00;2012;668511
100107IND01;0;Укупна средства;RS;РЕПУБЛИКА СРБИЈА;00;2013;28175329
100107IND01;1;Средства обезбеђена из буџета;RS;РЕПУБЛИКА СРБИЈА;00;2013;16305139
100107IND01;0;Укупна средства;RS1;СРБИЈА – СЕВЕР;00;2013;25995682
100107IND01;1;Средства обезбеђена из буџета;RS1;СРБИЈА – СЕВЕР;00;2013;14826307
100107IND01;0;Укупна средства;RS11;Београдски регион;00;2013;19825520
100107IND01;1;Средства обезбеђена из буџета;RS11;Београдски регион;00;2013;11187843
100107IND01;0;Укупна средства;RS12;Регион Војводине;00;2013;6170162
100107IND01;1;Средства обезбеђена из буџета;RS12;Регион Војводине;00;2013;3638464
100107IND01;0;Укупна средства;RS2;СРБИЈА – ЈУГ;00;2013;2179647
100107IND01;1;Средства обезбеђена из буџета;RS2;СРБИЈА – ЈУГ;00;2013;1478832
100107IND01;0;Укупна средства;RS21;Регион Шумадије и Западне Србије;00;2013;897307
100107IND01;1;Средства обезбеђена из буџета;RS21;Регион Шумадије и Западне Србије;00;2013;736393
100107IND01;0;Укупна средства;RS22;Регион Јужне и Источне Србије;00;2013;1282340
100107IND01;1;Средства обезбеђена из буџета;RS22;Регион Јужне и Источне Србије;00;2013;742439
100107IND01;0;Укупна средства;RS;РЕПУБЛИКА СРБИЈА;00;2014;30084387
100107IND01;1;Средства обезбеђена из буџета;RS;РЕПУБЛИКА СРБИЈА;00;2014;16823689
100107IND01;0;Укупна средства;RS1;СРБИЈА – СЕВЕР;00;2014;27882030
100107IND01;1;Средства обезбеђена из буџета;RS1;СРБИЈА – СЕВЕР;00;2014;15403134
100107IND01;0;Укупна средства;RS11;Београдски регион;00;2014;20653628
100107IND01;1;Средства обезбеђена из буџета;RS11;Београдски регион;00;2014;11594528
100107IND01;0;Укупна средства;RS12;Регион Војводине;00;2014;7228402
100107IND01;1;Средства обезбеђена из буџета;RS12;Регион Војводине;00;2014;3808606
100107IND01;0;Укупна средства;RS2;СРБИЈА – ЈУГ;00;2014;2202357
100107IND01;1;Средства обезбеђена из буџета;RS2;СРБИЈА – ЈУГ;00;2014;1420555
100107IND01;0;Укупна средства;RS21;Регион Шумадије и Западне Србије;00;2014;920201
100107IND01;1;Средства обезбеђена из буџета;RS21;Регион Шумадије и Западне Србије;00;2014;756859
100107IND01;0;Укупна средства;RS22;Регион Јужне и Источне Србије;00;2014;1282156
100107IND01;1;Средства обезбеђена из буџета;RS22;Регион Јужне и Источне Србије;00;2014;663696
100107IND01;0;Укупна средства;RS;РЕПУБЛИКА СРБИЈА;00;2015;34990573
100107IND01;1;Средства обезбеђена из буџета;RS;РЕПУБЛИКА СРБИЈА;00;2015;17610434
100107IND01;0;Укупна средства;RS1;СРБИЈА – СЕВЕР;00;2015;32326428
100107IND01;1;Средства обезбеђена из буџета;RS1;СРБИЈА – СЕВЕР;00;2015;
100107IND01;0;Укупна средства;RS11;Београдски регион;00;2015;24112725
100107IND01;1;Средства обезбеђена из буџета;RS11;Београдски регион;00;2015;
100107IND01;0;Укупна средства;RS12;Регион Војводине;00;2015;8213703
100107IND01;1;Средства обезбеђена из буџета;RS12;Регион Војводине;00;2015;
100107IND01;0;Укупна средства;RS2;СРБИЈА – ЈУГ;00;2015;2664145
100107IND01;1;Средства обезбеђена из буџета;RS2;СРБИЈА – ЈУГ;00;2015;
100107IND01;0;Укупна средства;RS21;Регион Шумадије и Западне Србије;00;2015;1269158
100107IND01;1;Средства обезбеђена из буџета;RS21;Регион Шумадије и Западне Србије;00;2015;
100107IND01;0;Укупна средства;RS22;Регион Јужне и Источне Србије;00;2015;1394987
100107IND01;1;Средства обезбеђена из буџета;RS22;Регион Јужне и Источне Србије;00;2015;
100107IND01;0;Укупна средства;RS;РЕПУБЛИКА СРБИЈА;00;2016;37956275
100107IND01;1;Средства обезбеђена из буџета;RS;РЕПУБЛИКА СРБИЈА;00;2016;16312531
100107IND01;0;Укупна средства;RS1;СРБИЈА – СЕВЕР;00;2016;35332198
100107IND01;1;Средства обезбеђена из буџета;RS1;СРБИЈА – СЕВЕР;00;2016;
100107IND01;0;Укупна средства;RS11;Београдски регион;00;2016;24397360
100107IND01;1;Средства обезбеђена из буџета;RS11;Београдски регион;00;2016;
100107IND01;0;Укупна средства;RS12;Регион Војводине;00;2016;10934838
100107IND01;1;Средства обезбеђена из буџета;RS12;Регион Војводине;00;2016;
100107IND01;0;Укупна средства;RS2;СРБИЈА – ЈУГ;00;2016;2624077
100107IND01;1;Средства обезбеђена из буџета;RS2;СРБИЈА – ЈУГ;00;2016;
100107IND01;0;Укупна средства;RS21;Регион Шумадије и Западне Србије;00;2016;1140112
100107IND01;1;Средства обезбеђена из буџета;RS21;Регион Шумадије и Западне Србије;00;2016;
100107IND01;0;Укупна средства;RS22;Регион Јужне и Источне Србије;00;2016;1483965
100107IND01;1;Средства обезбеђена из буџета;RS22;Регион Јужне и Источне Србије;00;2016;
100107IND01;0;Укупна средства;RS;РЕПУБЛИКА СРБИЈА;00;2017;41531049
100107IND01;1;Средства обезбеђена из буџета;RS;РЕПУБЛИКА СРБИЈА;00;2017;17899912
100107IND01;0;Укупна средства;RS;РЕПУБЛИКА СРБИЈА;00;2018;46615667
100107IND01;1;Средства обезбеђена из буџета;RS;РЕПУБЛИКА СРБИЈА;00;2018;18754517
