idindikator;IDVrPod;nVrPod;mes;god;vrednost
1514IND01;1;Деонички летови;00;2006;21020
1514IND01;2;Авио km, хиљ.;00;2006;18190
1514IND01;3;Часови летења;00;2006;37243
1514IND01;4;Превезени путници, хиљ.;00;2006;1216
1514IND01;5;Путнички километри, мил.;00;2006;1252
1514IND01;6;Превезени терет, t;00;2006;4678
1514IND01;7;Тонски километри терета, хиљ.;00;2006;5464
1514IND01;8;Запослени;00;2006;3087
1514IND01;9;Утрошак горива, t;00;2006;
1514IND01;1;Деонички летови;00;2007;21765
1514IND01;2;Авио km, хиљ.;00;2007;19169
1514IND01;3;Часови летења;00;2007;39068
1514IND01;4;Превезени путници, хиљ.;00;2007;1312
1514IND01;5;Путнички километри, мил.;00;2007;1395
1514IND01;6;Превезени терет, t;00;2007;4091
1514IND01;7;Тонски километри терета, хиљ.;00;2007;4627
1514IND01;8;Запослени;00;2007;2744
1514IND01;9;Утрошак горива, t;00;2007;68322
1514IND01;1;Деонички летови;00;2008;21604
1514IND01;2;Авио km, хиљ.;00;2008;19190
1514IND01;3;Часови летења;00;2008;38938
1514IND01;4;Превезени путници, хиљ.;00;2008;1352
1514IND01;5;Путнички километри, мил.;00;2008;1445
1514IND01;6;Превезени терет, t;00;2008;3379
1514IND01;7;Тонски километри терета, хиљ.;00;2008;4067
1514IND01;8;Запослени;00;2008;1946
1514IND01;9;Утрошак горива, t;00;2008;72616
1514IND01;1;Деонички летови;00;2009;18585
1514IND01;2;Авио km, хиљ.;00;2009;16488
1514IND01;3;Часови летења;00;2009;32836
1514IND01;4;Превезени путници, хиљ.;00;2009;1054
1514IND01;5;Путнички километри, мил.;00;2009;1123
1514IND01;6;Превезени терет, t;00;2009;2487
1514IND01;7;Тонски километри терета, хиљ.;00;2009;2674
1514IND01;8;Запослени;00;2009;1274
1514IND01;9;Утрошак горива, t;00;2009;61298
1514IND01;1;Деонички летови;00;2010;17632
1514IND01;2;Авио km, хиљ.;00;2010;15317
1514IND01;3;Часови летења;00;2010;30458
1514IND01;4;Превезени путници, хиљ.;00;2010;1088
1514IND01;5;Путнички километри, мил.;00;2010;1146
1514IND01;6;Превезени терет, t;00;2010;2394
1514IND01;7;Тонски километри терета, хиљ.;00;2010;2737
1514IND01;8;Запослени;00;2010;1272
1514IND01;9;Утрошак горива, t;00;2010;58231
1514IND01;1;Деонички летови;00;2011;18180
1514IND01;2;Авио km, хиљ.;00;2011;18060
1514IND01;3;Часови летења;00;2011;31629
1514IND01;4;Превезени путници, хиљ.;00;2011;1289
1514IND01;5;Путнички километри, мил.;00;2011;1412
1514IND01;6;Превезени терет, t;00;2011;2230
1514IND01;7;Тонски километри терета, хиљ.;00;2011;2747
1514IND01;8;Запослени;00;2011;1347
1514IND01;9;Утрошак горива, t;00;2011;61767
