idindikator;IDTer;nTer;IDVrPod;nVrPod;mes;god;vrednost
1501IND01;6;РЕПУБЛИКА СРБИЈА;1;број превезених путника, хиљ.;00;2001;97489
1501IND01;6;РЕПУБЛИКА СРБИЈА;2;путнички километри, мил.;00;2001;6213
1501IND01;6;РЕПУБЛИКА СРБИЈА;3;превезена роба, t;00;2001;20458
1501IND01;6;РЕПУБЛИКА СРБИЈА;4;тонски километри, мил.;00;2001;4207
1501IND01;6;РЕПУБЛИКА СРБИЈА;1;број превезених путника, хиљ.;00;2002;97406
1501IND01;6;РЕПУБЛИКА СРБИЈА;2;путнички километри, мил.;00;2002;6124
1501IND01;6;РЕПУБЛИКА СРБИЈА;3;превезена роба, t;00;2014;24709
1501IND01;6;РЕПУБЛИКА СРБИЈА;4;тонски километри, мил.;00;2014;7612
1501IND01;6;РЕПУБЛИКА СРБИЈА;1;број превезених путника, хиљ.;00;2015;65767
1501IND01;6;РЕПУБЛИКА СРБИЈА;2;путнички километри, мил.;00;2015;7752
1501IND01;6;РЕПУБЛИКА СРБИЈА;3;превезена роба, t;00;2015;26554
1501IND01;6;РЕПУБЛИКА СРБИЈА;4;тонски километри, мил.;00;2015;8014
1501IND01;6;РЕПУБЛИКА СРБИЈА;1;број превезених путника, хиљ.;00;2013;72047
1501IND01;6;РЕПУБЛИКА СРБИЈА;2;путнички километри, мил.;00;2013;6695
1501IND01;6;РЕПУБЛИКА СРБИЈА;3;превезена роба, t;00;2013;24348
1501IND01;6;РЕПУБЛИКА СРБИЈА;4;тонски километри, мил.;00;2013;7505
1501IND01;6;РЕПУБЛИКА СРБИЈА;1;број превезених путника, хиљ.;00;2014;70200
1501IND01;6;РЕПУБЛИКА СРБИЈА;2;путнички километри, мил.;00;2014;7130
1501IND01;6;РЕПУБЛИКА СРБИЈА;3;превезена роба, t;00;2011;24706
1501IND01;6;РЕПУБЛИКА СРБИЈА;4;тонски километри, мил.;00;2011;7252
1501IND01;6;РЕПУБЛИКА СРБИЈА;1;број превезених путника, хиљ.;00;2012;77235
1501IND01;6;РЕПУБЛИКА СРБИЈА;2;путнички километри, мил.;00;2012;6606
1501IND01;6;РЕПУБЛИКА СРБИЈА;3;превезена роба, t;00;2012;22343
1501IND01;6;РЕПУБЛИКА СРБИЈА;4;тонски километри, мил.;00;2012;6752
1501IND01;6;РЕПУБЛИКА СРБИЈА;1;број превезених путника, хиљ.;00;2010;79844
1501IND01;6;РЕПУБЛИКА СРБИЈА;2;путнички километри, мил.;00;2010;6317
1501IND01;6;РЕПУБЛИКА СРБИЈА;3;превезена роба, t;00;2010;25794
1501IND01;6;РЕПУБЛИКА СРБИЈА;4;тонски километри, мил.;00;2010;7092
1501IND01;6;РЕПУБЛИКА СРБИЈА;1;број превезених путника, хиљ.;00;2011;78096
1501IND01;6;РЕПУБЛИКА СРБИЈА;2;путнички километри, мил.;00;2011;6592
1501IND01;6;РЕПУБЛИКА СРБИЈА;3;превезена роба, t;00;2008;30368
1501IND01;6;РЕПУБЛИКА СРБИЈА;4;тонски километри, мил.;00;2008;7876
1501IND01;6;РЕПУБЛИКА СРБИЈА;1;број превезених путника, хиљ.;00;2009;86624
1501IND01;6;РЕПУБЛИКА СРБИЈА;2;путнички километри, мил.;00;2009;6227
1501IND01;6;РЕПУБЛИКА СРБИЈА;3;превезена роба, t;00;2009;22697
1501IND01;6;РЕПУБЛИКА СРБИЈА;4;тонски километри, мил.;00;2009;5542
1501IND01;6;РЕПУБЛИКА СРБИЈА;1;број превезених путника, хиљ.;00;2007;84647
1501IND01;6;РЕПУБЛИКА СРБИЈА;2;путнички километри, мил.;00;2007;6539
1501IND01;6;РЕПУБЛИКА СРБИЈА;3;превезена роба, t;00;2007;27040
1501IND01;6;РЕПУБЛИКА СРБИЈА;4;тонски километри, мил.;00;2007;8378
1501IND01;6;РЕПУБЛИКА СРБИЈА;1;број превезених путника, хиљ.;00;2008;86866
1501IND01;6;РЕПУБЛИКА СРБИЈА;2;путнички километри, мил.;00;2008;6747
1501IND01;6;РЕПУБЛИКА СРБИЈА;3;превезена роба, t;00;2005;28269
1501IND01;6;РЕПУБЛИКА СРБИЈА;4;тонски километри, мил.;00;2005;6829
1501IND01;6;РЕПУБЛИКА СРБИЈА;1;број превезених путника, хиљ.;00;2006;92110
1501IND01;6;РЕПУБЛИКА СРБИЈА;2;путнички километри, мил.;00;2006;7416
1501IND01;6;РЕПУБЛИКА СРБИЈА;3;превезена роба, t;00;2006;28737
1501IND01;6;РЕПУБЛИКА СРБИЈА;4;тонски километри, мил.;00;2006;7787
1501IND01;6;РЕПУБЛИКА СРБИЈА;1;број превезених путника, хиљ.;00;2004;89136
1501IND01;6;РЕПУБЛИКА СРБИЈА;2;путнички километри, мил.;00;2004;5883
1501IND01;6;РЕПУБЛИКА СРБИЈА;3;превезена роба, t;00;2004;23541
1501IND01;6;РЕПУБЛИКА СРБИЈА;4;тонски километри, мил.;00;2004;5603
1501IND01;6;РЕПУБЛИКА СРБИЈА;1;број превезених путника, хиљ.;00;2005;89019
1501IND01;6;РЕПУБЛИКА СРБИЈА;2;путнички километри, мил.;00;2005;6754
1501IND01;6;РЕПУБЛИКА СРБИЈА;3;превезена роба, t;00;2002;21990
1501IND01;6;РЕПУБЛИКА СРБИЈА;4;тонски километри, мил.;00;2002;4683
1501IND01;6;РЕПУБЛИКА СРБИЈА;1;број превезених путника, хиљ.;00;2003;91019
1501IND01;6;РЕПУБЛИКА СРБИЈА;2;путнички километри, мил.;00;2003;5950
1501IND01;6;РЕПУБЛИКА СРБИЈА;3;превезена роба, t;00;2003;21700
1501IND01;6;РЕПУБЛИКА СРБИЈА;4;тонски километри, мил.;00;2003;4809
