idindikator;IDVrPod;nVrPod;mes;god;vrednost
1509IND01;1;Мотоцикли;00;2006;20380
1509IND01;2;Путнички аутомобили;00;2006;1511837
1509IND01;3;Специјална путничка возила;00;2006;15109
1509IND01;4;Аутобуси;00;2006;9312
1509IND01;5;Теретна возила;00;2006;126045
1509IND01;6;Специјална теретна возила;00;2006;27498
1509IND01;7;Радна возила;00;2006;1864
1509IND01;8;Вучна возила;00;2006;128017
1509IND01;9;Прикључна возила;00;2006;103859
1509IND01;1;Мотоцикли;00;2007;24897
1509IND01;2;Путнички аутомобили;00;2007;1476642
1509IND01;3;Специјална путничка возила;00;2007;14574
1509IND01;4;Аутобуси;00;2007;8887
1509IND01;5;Теретна возила;00;2007;129877
1509IND01;6;Специјална теретна возила;00;2007;25802
1509IND01;7;Радна возила;00;2007;1582
1509IND01;8;Вучна возила;00;2007;7263
1509IND01;9;Прикључна возила;00;2007;26389
1509IND01;1;Мотоцикли;00;2008;31803
1509IND01;2;Путнички аутомобили;00;2008;1486608
1509IND01;3;Специјална путничка возила;00;2008;13574
1509IND01;4;Аутобуси;00;2008;8557
1509IND01;5;Теретна возила;00;2008;139331
1509IND01;6;Специјална теретна возила;00;2008;24169
1509IND01;7;Радна возила;00;2008;1590
1509IND01;8;Вучна возила;00;2008;7387
1509IND01;9;Прикључна возила;00;2008;27686
1509IND01;1;Мотоцикли;00;2009;34497
1509IND01;2;Путнички аутомобили;00;2009;1641351
1509IND01;3;Специјална путничка возила;00;2009;13475
1509IND01;4;Аутобуси;00;2009;8853
1509IND01;5;Теретна возила;00;2009;148252
1509IND01;6;Специјална теретна возила;00;2009;23597
1509IND01;7;Радна возила;00;2009;1434
1509IND01;8;Вучна возила;00;2009;7356
1509IND01;9;Прикључна возила;00;2009;28596
1509IND01;1;Мотоцикли;00;2010;37946
1509IND01;2;Путнички аутомобили;00;2010;1565550
1509IND01;3;Специјална путничка возила;00;2010;
1509IND01;4;Аутобуси;00;2010;8034
1509IND01;5;Теретна возила;00;2010;151687
1509IND01;6;Специјална теретна возила;00;2010;
1509IND01;7;Радна возила;00;2010;999
1509IND01;8;Вучна возила;00;2010;11535
1509IND01;9;Прикључна возила;00;2010;34017
1509IND01;1;Мотоцикли;00;2011;39135
1509IND01;2;Путнички аутомобили;00;2011;1677510
1509IND01;3;Специјална путничка возила;00;2011;
1509IND01;4;Аутобуси;00;2011;8805
1509IND01;5;Теретна возила;00;2011;159455
1509IND01;6;Специјална теретна возила;00;2011;
1509IND01;7;Радна возила;00;2011;2736
1509IND01;8;Вучна возила;00;2011;12443
1509IND01;9;Прикључна возила;00;2011;32862
