idindikator;mes;god;IDTer;nTer;IDStarGrupa;nStarGrupa;IDPol;nPol;vrednost
240002090106IND01;00;2014;RS;РЕПУБЛИКА СРБИЈА;15-24;15-24;0;Укупно;20.4
240002090106IND01;00;2014;RS;РЕПУБЛИКА СРБИЈА;15-24;15-24;1;Мушко;21
240002090106IND01;00;2014;RS;РЕПУБЛИКА СРБИЈА;15-24;15-24;2;Женско;19.9
240002090106IND01;00;2014;RS;РЕПУБЛИКА СРБИЈА;15-29;15-29;0;Укупно;25.3
240002090106IND01;00;2014;RS;РЕПУБЛИКА СРБИЈА;15-29;15-29;1;Мушко;23.7
240002090106IND01;00;2014;RS;РЕПУБЛИКА СРБИЈА;15-29;15-29;2;Женско;27
240002090106IND01;00;2015;RS;РЕПУБЛИКА СРБИЈА;15-24;15-24;0;Укупно;19.9
240002090106IND01;00;2015;RS;РЕПУБЛИКА СРБИЈА;15-24;15-24;1;Мушко;20.2
240002090106IND01;00;2015;RS;РЕПУБЛИКА СРБИЈА;15-24;15-24;2;Женско;19.6
240002090106IND01;00;2015;RS;РЕПУБЛИКА СРБИЈА;15-29;15-29;0;Укупно;24.5
240002090106IND01;00;2015;RS;РЕПУБЛИКА СРБИЈА;15-29;15-29;1;Мушко;23
240002090106IND01;00;2015;RS;РЕПУБЛИКА СРБИЈА;15-29;15-29;2;Женско;26.1
240002090106IND01;00;2016;RS;РЕПУБЛИКА СРБИЈА;15-24;15-24;0;Укупно;17.7
240002090106IND01;00;2016;RS;РЕПУБЛИКА СРБИЈА;15-24;15-24;1;Мушко;17.2
240002090106IND01;00;2016;RS;РЕПУБЛИКА СРБИЈА;15-24;15-24;2;Женско;18.3
240002090106IND01;00;2016;RS;РЕПУБЛИКА СРБИЈА;15-29;15-29;0;Укупно;22.3
240002090106IND01;00;2016;RS;РЕПУБЛИКА СРБИЈА;15-29;15-29;1;Мушко;20.3
240002090106IND01;00;2016;RS;РЕПУБЛИКА СРБИЈА;15-29;15-29;2;Женско;24.5
240002090106IND01;00;2017;RS;РЕПУБЛИКА СРБИЈА;15-24;15-24;0;Укупно;17.2
240002090106IND01;00;2017;RS;РЕПУБЛИКА СРБИЈА;15-24;15-24;1;Мушко;17.1
240002090106IND01;00;2017;RS;РЕПУБЛИКА СРБИЈА;15-24;15-24;2;Женско;17.3
240002090106IND01;00;2017;RS;РЕПУБЛИКА СРБИЈА;15-29;15-29;0;Укупно;21.7
240002090106IND01;00;2017;RS;РЕПУБЛИКА СРБИЈА;15-29;15-29;1;Мушко;19.9
240002090106IND01;00;2017;RS;РЕПУБЛИКА СРБИЈА;15-29;15-29;2;Женско;23.7
240002090106IND01;00;2018;RS;РЕПУБЛИКА СРБИЈА;15-24;15-24;0;Укупно;16.5
240002090106IND01;00;2018;RS;РЕПУБЛИКА СРБИЈА;15-24;15-24;1;Мушко;16
240002090106IND01;00;2018;RS;РЕПУБЛИКА СРБИЈА;15-24;15-24;2;Женско;17
240002090106IND01;00;2018;RS;РЕПУБЛИКА СРБИЈА;15-29;15-29;0;Укупно;20.1
240002090106IND01;00;2018;RS;РЕПУБЛИКА СРБИЈА;15-29;15-29;1;Мушко;17.8
240002090106IND01;00;2018;RS;РЕПУБЛИКА СРБИЈА;15-29;15-29;2;Женско;22.5
