[{"idindikator":"190104IND01","mes":"00","god":"2007","IDTer":"RS","nTer":"РЕПУБЛИКА СРБИЈА","IDKD08":"0","nkd08":"Укупно","vrednost":"966"},{"idindikator":"190104IND01","mes":"00","god":"2008","IDTer":"RS","nTer":"РЕПУБЛИКА СРБИЈА","IDKD08":"0","nkd08":"Укупно","vrednost":"1003"},{"idindikator":"190104IND01","mes":"00","god":"2009","IDTer":"RS","nTer":"РЕПУБЛИКА СРБИЈА","IDKD08":"0","nkd08":"Укупно","vrednost":"1089"},{"idindikator":"190104IND01","mes":"00","god":"2010","IDTer":"RS","nTer":"РЕПУБЛИКА СРБИЈА","IDKD08":"0","nkd08":"Укупно","vrednost":"1204"},{"idindikator":"190104IND01","mes":"00","god":"2011","IDTer":"RS","nTer":"РЕПУБЛИКА СРБИЈА","IDKD08":"0","nkd08":"Укупно","vrednost":"1297"},{"idindikator":"190104IND01","mes":"00","god":"2012","IDTer":"RS","nTer":"РЕПУБЛИКА СРБИЈА","IDKD08":"0","nkd08":"Укупно","vrednost":"1435"},{"idindikator":"190104IND01","mes":"00","god":"2013","IDTer":"RS","nTer":"РЕПУБЛИКА СРБИЈА","IDKD08":"0","nkd08":"Укупно","vrednost":"1477"},{"idindikator":"190104IND01","mes":"00","god":"2014","IDTer":"RS","nTer":"РЕПУБЛИКА СРБИЈА","IDKD08":"0","nkd08":"Укупно","vrednost":"1519"},{"idindikator":"190104IND01","mes":"00","god":"2015","IDTer":"RS","nTer":"РЕПУБЛИКА СРБИЈА","IDKD08":"0","nkd08":"Укупно","vrednost":"1593"},{"idindikator":"190104IND01","mes":"00","god":"2016","IDTer":"RS","nTer":"РЕПУБЛИКА СРБИЈА","IDKD08":"0","nkd08":"Укупно","vrednost":"1733"},{"idindikator":"190104IND01","mes":"00","god":"2017","IDTer":"RS","nTer":"РЕПУБЛИКА СРБИЈА","IDKD08":"0","nkd08":"Укупно","vrednost":"1810"},{"idindikator":"190104IND01","mes":"00","god":"2018","IDTer":"RS","nTer":"РЕПУБЛИКА СРБИЈА","IDKD08":"0","nkd08":"Укупно","vrednost":"1838"},{"idindikator":"190104IND01","mes":"00","god":"2007","IDTer":"RS","nTer":"РЕПУБЛИКА СРБИЈА","IDKD08":"B","nkd08":"B - Рударство","vrednost":"1003"},{"idindikator":"190104IND01","mes":"00","god":"2008","IDTer":"RS","nTer":"РЕПУБЛИКА СРБИЈА","IDKD08":"B","nkd08":"B - Рударство","vrednost":"1187"},{"idindikator":"190104IND01","mes":"00","god":"2009","IDTer":"RS","nTer":"РЕПУБЛИКА СРБИЈА","IDKD08":"B","nkd08":"B - Рударство","vrednost":"1480"},{"idindikator":"190104IND01","mes":"00","god":"2010","IDTer":"RS","nTer":"РЕПУБЛИКА СРБИЈА","IDKD08":"B","nkd08":"B - Рударство","vrednost":"1698"},{"idindikator":"190104IND01","mes":"00","god":"2011","IDTer":"RS","nTer":"РЕПУБЛИКА СРБИЈА","IDKD08":"B","nkd08":"B - Рударство","vrednost":"2019"},{"idindikator":"190104IND01","mes":"00","god":"2012","IDTer":"RS","nTer":"РЕПУБЛИКА СРБИЈА","IDKD08":"B","nkd08":"B - Рударство","vrednost":"2168"},{"idindikator":"190104IND01","mes":"00","god":"2013","IDTer":"RS","nTer":"РЕПУБЛИКА СРБИЈА","IDKD08":"B","nkd08":"B - Рударство","vrednost":"2398"},{"idindikator":"190104IND01","mes":"00","god":"2014","IDTer":"RS","nTer":"РЕПУБЛИКА СРБИЈА","IDKD08":"B","nkd08":"B - Рударство","vrednost":"2393"},{"idindikator":"190104IND01","mes":"00","god":"2015","IDTer":"RS","nTer":"РЕПУБЛИКА СРБИЈА","IDKD08":"B","nkd08":"B - Рударство","vrednost":"2241"},{"idindikator":"190104IND01","mes":"00","god":"2016","IDTer":"RS","nTer":"РЕПУБЛИКА СРБИЈА","IDKD08":"B","nkd08":"B - Рударство","vrednost":"2049"},{"idindikator":"190104IND01","mes":"00","god":"2017","IDTer":"RS","nTer":"РЕПУБЛИКА СРБИЈА","IDKD08":"B","nkd08":"B - Рударство","vrednost":"2684"},{"idindikator":"190104IND01","mes":"00","god":"2018","IDTer":"RS","nTer":"РЕПУБЛИКА СРБИЈА","IDKD08":"B","nkd08":"B - Рударство","vrednost":"1938"},{"idindikator":"190104IND01","mes":"00","god":"2007","IDTer":"RS","nTer":"РЕПУБЛИКА СРБИЈА","IDKD08":"C","nkd08":"C - Прерађивачка индустрија","vrednost":"787"},{"idindikator":"190104IND01","mes":"00","god":"2008","IDTer":"RS","nTer":"РЕПУБЛИКА СРБИЈА","IDKD08":"C","nkd08":"C - Прерађивачка индустрија","vrednost":"889"},{"idindikator":"190104IND01","mes":"00","god":"2009","IDTer":"RS","nTer":"РЕПУБЛИКА СРБИЈА","IDKD08":"C","nkd08":"C - Прерађивачка индустрија","vrednost":"928"},{"idindikator":"190104IND01","mes":"00","god":"2010","IDTer":"RS","nTer":"РЕПУБЛИКА СРБИЈА","IDKD08":"C","nkd08":"C - Прерађивачка индустрија","vrednost":"1118"},{"idindikator":"190104IND01","mes":"00","god":"2011","IDTer":"RS","nTer":"РЕПУБЛИКА СРБИЈА","IDKD08":"C","nkd08":"C - Прерађивачка индустрија","vrednost":"1209"},{"idindikator":"190104IND01","mes":"00","god":"2012","IDTer":"RS","nTer":"РЕПУБЛИКА СРБИЈА","IDKD08":"C","nkd08":"C - Прерађивачка индустрија","vrednost":"1421"},{"idindikator":"190104IND01","mes":"00","god":"2013","IDTer":"RS","nTer":"РЕПУБЛИКА СРБИЈА","IDKD08":"C","nkd08":"C - Прерађивачка индустрија","vrednost":"1430"},{"idindikator":"190104IND01","mes":"00","god":"2014","IDTer":"RS","nTer":"РЕПУБЛИКА СРБИЈА","IDKD08":"C","nkd08":"C - Прерађивачка индустрија","vrednost":"1497"},{"idindikator":"190104IND01","mes":"00","god":"2015","IDTer":"RS","nTer":"РЕПУБЛИКА СРБИЈА","IDKD08":"C","nkd08":"C - Прерађивачка индустрија","vrednost":"1562"},{"idindikator":"190104IND01","mes":"00","god":"2016","IDTer":"RS","nTer":"РЕПУБЛИКА СРБИЈА","IDKD08":"C","nkd08":"C - Прерађивачка индустрија","vrednost":"1723"},{"idindikator":"190104IND01","mes":"00","god":"2017","IDTer":"RS","nTer":"РЕПУБЛИКА СРБИЈА","IDKD08":"C","nkd08":"C - Прерађивачка индустрија","vrednost":"1839"},{"idindikator":"190104IND01","mes":"00","god":"2018","IDTer":"RS","nTer":"РЕПУБЛИКА СРБИЈА","IDKD08":"C","nkd08":"C - Прерађивачка индустрија","vrednost":"1852"},{"idindikator":"190104IND01","mes":"00","god":"2007","IDTer":"RS","nTer":"РЕПУБЛИКА СРБИЈА","IDKD08":"D","nkd08":"D - Снабдевање електричном енергијом, гасом, паром и климатизација","vrednost":"1910"},{"idindikator":"190104IND01","mes":"00","god":"2008","IDTer":"RS","nTer":"РЕПУБЛИКА СРБИЈА","IDKD08":"D","nkd08":"D - Снабдевање електричном енергијом, гасом, паром и климатизација","vrednost":"2224"},{"idindikator":"190104IND01","mes":"00","god":"2009","IDTer":"RS","nTer":"РЕПУБЛИКА СРБИЈА","IDKD08":"D","nkd08":"D - Снабдевање електричном енергијом, гасом, паром и климатизација","vrednost":"2685"},{"idindikator":"190104IND01","mes":"00","god":"2010","IDTer":"RS","nTer":"РЕПУБЛИКА СРБИЈА","IDKD08":"D","nkd08":"D - Снабдевање електричном енергијом, гасом, паром и климатизација","vrednost":"2656"},{"idindikator":"190104IND01","mes":"00","god":"2011","IDTer":"RS","nTer":"РЕПУБЛИКА СРБИЈА","IDKD08":"D","nkd08":"D - Снабдевање електричном енергијом, гасом, паром и климатизација","vrednost":"3067"},{"idindikator":"190104IND01","mes":"00","god":"2012","IDTer":"RS","nTer":"РЕПУБЛИКА СРБИЈА","IDKD08":"D","nkd08":"D - Снабдевање електричном енергијом, гасом, паром и климатизација","vrednost":"3035"},{"idindikator":"190104IND01","mes":"00","god":"2013","IDTer":"RS","nTer":"РЕПУБЛИКА СРБИЈА","IDKD08":"D","nkd08":"D - Снабдевање електричном енергијом, гасом, паром и климатизација","vrednost":"4364"},{"idindikator":"190104IND01","mes":"00","god":"2014","IDTer":"RS","nTer":"РЕПУБЛИКА СРБИЈА","IDKD08":"D","nkd08":"D - Снабдевање електричном енергијом, гасом, паром и климатизација","vrednost":"4161"},{"idindikator":"190104IND01","mes":"00","god":"2015","IDTer":"RS","nTer":"РЕПУБЛИКА СРБИЈА","IDKD08":"D","nkd08":"D - Снабдевање електричном енергијом, гасом, паром и климатизација","vrednost":"4611"},{"idindikator":"190104IND01","mes":"00","god":"2016","IDTer":"RS","nTer":"РЕПУБЛИКА СРБИЈА","IDKD08":"D","nkd08":"D - Снабдевање електричном енергијом, гасом, паром и климатизација","vrednost":"4777"},{"idindikator":"190104IND01","mes":"00","god":"2017","IDTer":"RS","nTer":"РЕПУБЛИКА СРБИЈА","IDKD08":"D","nkd08":"D - Снабдевање електричном енергијом, гасом, паром и климатизација","vrednost":"4494"},{"idindikator":"190104IND01","mes":"00","god":"2018","IDTer":"RS","nTer":"РЕПУБЛИКА СРБИЈА","IDKD08":"D","nkd08":"D - Снабдевање електричном енергијом, гасом, паром и климатизација","vrednost":"4402"},{"idindikator":"190104IND01","mes":"00","god":"2007","IDTer":"RS","nTer":"РЕПУБЛИКА СРБИЈА","IDKD08":"E","nkd08":"E - Снабдевање водом; управљање отпадним водама, контролисање процеса уклањања отпада и сличне активности","vrednost":"745"},{"idindikator":"190104IND01","mes":"00","god":"2008","IDTer":"RS","nTer":"РЕПУБЛИКА СРБИЈА","IDKD08":"E","nkd08":"E - Снабдевање водом; управљање отпадним водама, контролисање процеса уклањања отпада и сличне активности","vrednost":"751"},{"idindikator":"190104IND01","mes":"00","god":"2009","IDTer":"RS","nTer":"РЕПУБЛИКА СРБИЈА","IDKD08":"E","nkd08":"E - Снабдевање водом; управљање отпадним водама, контролисање процеса уклањања отпада и сличне активности","vrednost":"861"},{"idindikator":"190104IND01","mes":"00","god":"2010","IDTer":"RS","nTer":"РЕПУБЛИКА СРБИЈА","IDKD08":"E","nkd08":"E - Снабдевање водом; управљање отпадним водама, контролисање процеса уклањања отпада и сличне активности","vrednost":"928"},{"idindikator":"190104IND01","mes":"00","god":"2011","IDTer":"RS","nTer":"РЕПУБЛИКА СРБИЈА","IDKD08":"E","nkd08":"E - Снабдевање водом; управљање отпадним водама, контролисање процеса уклањања отпада и сличне активности","vrednost":"1033"},{"idindikator":"190104IND01","mes":"00","god":"2012","IDTer":"RS","nTer":"РЕПУБЛИКА СРБИЈА","IDKD08":"E","nkd08":"E - Снабдевање водом; управљање отпадним водама, контролисање процеса уклањања отпада и сличне активности","vrednost":"1071"},{"idindikator":"190104IND01","mes":"00","god":"2013","IDTer":"RS","nTer":"РЕПУБЛИКА СРБИЈА","IDKD08":"E","nkd08":"E - Снабдевање водом; управљање отпадним водама, контролисање процеса уклањања отпада и сличне активности","vrednost":"1067"},{"idindikator":"190104IND01","mes":"00","god":"2014","IDTer":"RS","nTer":"РЕПУБЛИКА СРБИЈА","IDKD08":"E","nkd08":"E - Снабдевање водом; управљање отпадним водама, контролисање процеса уклањања отпада и сличне активности","vrednost":"1126"},{"idindikator":"190104IND01","mes":"00","god":"2015","IDTer":"RS","nTer":"РЕПУБЛИКА СРБИЈА","IDKD08":"E","nkd08":"E - Снабдевање водом; управљање отпадним водама, контролисање процеса уклањања отпада и сличне активности","vrednost":"1185"},{"idindikator":"190104IND01","mes":"00","god":"2016","IDTer":"RS","nTer":"РЕПУБЛИКА СРБИЈА","IDKD08":"E","nkd08":"E - Снабдевање водом; управљање отпадним водама, контролисање процеса уклањања отпада и сличне активности","vrednost":"1313"},{"idindikator":"190104IND01","mes":"00","god":"2017","IDTer":"RS","nTer":"РЕПУБЛИКА СРБИЈА","IDKD08":"E","nkd08":"E - Снабдевање водом; управљање отпадним водама, контролисање процеса уклањања отпада и сличне активности","vrednost":"1410"},{"idindikator":"190104IND01","mes":"00","god":"2018","IDTer":"RS","nTer":"РЕПУБЛИКА СРБИЈА","IDKD08":"E","nkd08":"E - Снабдевање водом; управљање отпадним водама, контролисање процеса уклањања отпада и сличне активности","vrednost":"1362"},{"idindikator":"190104IND01","mes":"00","god":"2007","IDTer":"RS","nTer":"РЕПУБЛИКА СРБИЈА","IDKD08":"F","nkd08":"F - Грађевинарство","vrednost":"1205"},{"idindikator":"190104IND01","mes":"00","god":"2008","IDTer":"RS","nTer":"РЕПУБЛИКА СРБИЈА","IDKD08":"F","nkd08":"F - Грађевинарство","vrednost":"1081"},{"idindikator":"190104IND01","mes":"00","god":"2009","IDTer":"RS","nTer":"РЕПУБЛИКА СРБИЈА","IDKD08":"F","nkd08":"F - Грађевинарство","vrednost":"1143"},{"idindikator":"190104IND01","mes":"00","god":"2010","IDTer":"RS","nTer":"РЕПУБЛИКА СРБИЈА","IDKD08":"F","nkd08":"F - Грађевинарство","vrednost":"1224"},{"idindikator":"190104IND01","mes":"00","god":"2011","IDTer":"RS","nTer":"РЕПУБЛИКА СРБИЈА","IDKD08":"F","nkd08":"F - Грађевинарство","vrednost":"1362"},{"idindikator":"190104IND01","mes":"00","god":"2012","IDTer":"RS","nTer":"РЕПУБЛИКА СРБИЈА","IDKD08":"F","nkd08":"F - Грађевинарство","vrednost":"1269"},{"idindikator":"190104IND01","mes":"00","god":"2013","IDTer":"RS","nTer":"РЕПУБЛИКА СРБИЈА","IDKD08":"F","nkd08":"F - Грађевинарство","vrednost":"1376"},{"idindikator":"190104IND01","mes":"00","god":"2014","IDTer":"RS","nTer":"РЕПУБЛИКА СРБИЈА","IDKD08":"F","nkd08":"F - Грађевинарство","vrednost":"1406"},{"idindikator":"190104IND01","mes":"00","god":"2015","IDTer":"RS","nTer":"РЕПУБЛИКА СРБИЈА","IDKD08":"F","nkd08":"F - Грађевинарство","vrednost":"1578"},{"idindikator":"190104IND01","mes":"00","god":"2016","IDTer":"RS","nTer":"РЕПУБЛИКА СРБИЈА","IDKD08":"F","nkd08":"F - Грађевинарство","vrednost":"1624"},{"idindikator":"190104IND01","mes":"00","god":"2017","IDTer":"RS","nTer":"РЕПУБЛИКА СРБИЈА","IDKD08":"F","nkd08":"F - Грађевинарство","vrednost":"1749"},{"idindikator":"190104IND01","mes":"00","god":"2018","IDTer":"RS","nTer":"РЕПУБЛИКА СРБИЈА","IDKD08":"F","nkd08":"F - Грађевинарство","vrednost":"1916"},{"idindikator":"190104IND01","mes":"00","god":"2007","IDTer":"RS","nTer":"РЕПУБЛИКА СРБИЈА","IDKD08":"G","nkd08":"G - Трговина на велико и трговина на мало; поправка моторних возила и мотоцикала","vrednost":"965"},{"idindikator":"190104IND01","mes":"00","god":"2008","IDTer":"RS","nTer":"РЕПУБЛИКА СРБИЈА","IDKD08":"G","nkd08":"G - Трговина на велико и трговина на мало; поправка моторних возила и мотоцикала","vrednost":"921"},{"idindikator":"190104IND01","mes":"00","god":"2009","IDTer":"RS","nTer":"РЕПУБЛИКА СРБИЈА","IDKD08":"G","nkd08":"G - Трговина на велико и трговина на мало; поправка моторних возила и мотоцикала","vrednost":"917"},{"idindikator":"190104IND01","mes":"00","god":"2010","IDTer":"RS","nTer":"РЕПУБЛИКА СРБИЈА","IDKD08":"G","nkd08":"G - Трговина на велико и трговина на мало; поправка моторних возила и мотоцикала","vrednost":"1036"},{"idindikator":"190104IND01","mes":"00","god":"2011","IDTer":"RS","nTer":"РЕПУБЛИКА СРБИЈА","IDKD08":"G","nkd08":"G - Трговина на велико и трговина на мало; поправка моторних возила и мотоцикала","vrednost":"1107"},{"idindikator":"190104IND01","mes":"00","god":"2012","IDTer":"RS","nTer":"РЕПУБЛИКА СРБИЈА","IDKD08":"G","nkd08":"G - Трговина на велико и трговина на мало; поправка моторних возила и мотоцикала","vrednost":"1324"},{"idindikator":"190104IND01","mes":"00","god":"2013","IDTer":"RS","nTer":"РЕПУБЛИКА СРБИЈА","IDKD08":"G","nkd08":"G - Трговина на велико и трговина на мало; поправка моторних возила и мотоцикала","vrednost":"1213"},{"idindikator":"190104IND01","mes":"00","god":"2014","IDTer":"RS","nTer":"РЕПУБЛИКА СРБИЈА","IDKD08":"G","nkd08":"G - Трговина на велико и трговина на мало; поправка моторних возила и мотоцикала","vrednost":"1270"},{"idindikator":"190104IND01","mes":"00","god":"2015","IDTer":"RS","nTer":"РЕПУБЛИКА СРБИЈА","IDKD08":"G","nkd08":"G - Трговина на велико и трговина на мало; поправка моторних возила и мотоцикала","vrednost":"1318"},{"idindikator":"190104IND01","mes":"00","god":"2016","IDTer":"RS","nTer":"РЕПУБЛИКА СРБИЈА","IDKD08":"G","nkd08":"G - Трговина на велико и трговина на мало; поправка моторних возила и мотоцикала","vrednost":"1408"},{"idindikator":"190104IND01","mes":"00","god":"2017","IDTer":"RS","nTer":"РЕПУБЛИКА СРБИЈА","IDKD08":"G","nkd08":"G - Трговина на велико и трговина на мало; поправка моторних возила и мотоцикала","vrednost":"1477"},{"idindikator":"190104IND01","mes":"00","god":"2018","IDTer":"RS","nTer":"РЕПУБЛИКА СРБИЈА","IDKD08":"G","nkd08":"G - Трговина на велико и трговина на мало; поправка моторних возила и мотоцикала","vrednost":"1515"},{"idindikator":"190104IND01","mes":"00","god":"2007","IDTer":"RS","nTer":"РЕПУБЛИКА СРБИЈА","IDKD08":"H","nkd08":"H - Саобраћај и складиштење","vrednost":"901"},{"idindikator":"190104IND01","mes":"00","god":"2008","IDTer":"RS","nTer":"РЕПУБЛИКА СРБИЈА","IDKD08":"H","nkd08":"H - Саобраћај и складиштење","vrednost":"856"},{"idindikator":"190104IND01","mes":"00","god":"2009","IDTer":"RS","nTer":"РЕПУБЛИКА СРБИЈА","IDKD08":"H","nkd08":"H - Саобраћај и складиштење","vrednost":"1192"},{"idindikator":"190104IND01","mes":"00","god":"2010","IDTer":"RS","nTer":"РЕПУБЛИКА СРБИЈА","IDKD08":"H","nkd08":"H - Саобраћај и складиштење","vrednost":"1087"},{"idindikator":"190104IND01","mes":"00","god":"2011","IDTer":"RS","nTer":"РЕПУБЛИКА СРБИЈА","IDKD08":"H","nkd08":"H - Саобраћај и складиштење","vrednost":"1065"},{"idindikator":"190104IND01","mes":"00","god":"2012","IDTer":"RS","nTer":"РЕПУБЛИКА СРБИЈА","IDKD08":"H","nkd08":"H - Саобраћај и складиштење","vrednost":"1080"},{"idindikator":"190104IND01","mes":"00","god":"2013","IDTer":"RS","nTer":"РЕПУБЛИКА СРБИЈА","IDKD08":"H","nkd08":"H - Саобраћај и складиштење","vrednost":"1270"},{"idindikator":"190104IND01","mes":"00","god":"2014","IDTer":"RS","nTer":"РЕПУБЛИКА СРБИЈА","IDKD08":"H","nkd08":"H - Саобраћај и складиштење","vrednost":"1325"},{"idindikator":"190104IND01","mes":"00","god":"2015","IDTer":"RS","nTer":"РЕПУБЛИКА СРБИЈА","IDKD08":"H","nkd08":"H - Саобраћај и складиштење","vrednost":"1489"},{"idindikator":"190104IND01","mes":"00","god":"2016","IDTer":"RS","nTer":"РЕПУБЛИКА СРБИЈА","IDKD08":"H","nkd08":"H - Саобраћај и складиштење","vrednost":"1584"},{"idindikator":"190104IND01","mes":"00","god":"2017","IDTer":"RS","nTer":"РЕПУБЛИКА СРБИЈА","IDKD08":"H","nkd08":"H - Саобраћај и складиштење","vrednost":"1608"},{"idindikator":"190104IND01","mes":"00","god":"2018","IDTer":"RS","nTer":"РЕПУБЛИКА СРБИЈА","IDKD08":"H","nkd08":"H - Саобраћај и складиштење","vrednost":"1620"},{"idindikator":"190104IND01","mes":"00","god":"2007","IDTer":"RS","nTer":"РЕПУБЛИКА СРБИЈА","IDKD08":"I","nkd08":"I - Услуге смештаја и исхране","vrednost":"512"},{"idindikator":"190104IND01","mes":"00","god":"2008","IDTer":"RS","nTer":"РЕПУБЛИКА СРБИЈА","IDKD08":"I","nkd08":"I - Услуге смештаја и исхране","vrednost":"491"},{"idindikator":"190104IND01","mes":"00","god":"2009","IDTer":"RS","nTer":"РЕПУБЛИКА СРБИЈА","IDKD08":"I","nkd08":"I - Услуге смештаја и исхране","vrednost":"501"},{"idindikator":"190104IND01","mes":"00","god":"2010","IDTer":"RS","nTer":"РЕПУБЛИКА СРБИЈА","IDKD08":"I","nkd08":"I - Услуге смештаја и исхране","vrednost":"532"},{"idindikator":"190104IND01","mes":"00","god":"2011","IDTer":"RS","nTer":"РЕПУБЛИКА СРБИЈА","IDKD08":"I","nkd08":"I - Услуге смештаја и исхране","vrednost":"569"},{"idindikator":"190104IND01","mes":"00","god":"2012","IDTer":"RS","nTer":"РЕПУБЛИКА СРБИЈА","IDKD08":"I","nkd08":"I - Услуге смештаја и исхране","vrednost":"639"},{"idindikator":"190104IND01","mes":"00","god":"2013","IDTer":"RS","nTer":"РЕПУБЛИКА СРБИЈА","IDKD08":"I","nkd08":"I - Услуге смештаја и исхране","vrednost":"682"},{"idindikator":"190104IND01","mes":"00","god":"2014","IDTer":"RS","nTer":"РЕПУБЛИКА СРБИЈА","IDKD08":"I","nkd08":"I - Услуге смештаја и исхране","vrednost":"697"},{"idindikator":"190104IND01","mes":"00","god":"2015","IDTer":"RS","nTer":"РЕПУБЛИКА СРБИЈА","IDKD08":"I","nkd08":"I - Услуге смештаја и исхране","vrednost":"741"},{"idindikator":"190104IND01","mes":"00","god":"2016","IDTer":"RS","nTer":"РЕПУБЛИКА СРБИЈА","IDKD08":"I","nkd08":"I - Услуге смештаја и исхране","vrednost":"798"},{"idindikator":"190104IND01","mes":"00","god":"2017","IDTer":"RS","nTer":"РЕПУБЛИКА СРБИЈА","IDKD08":"I","nkd08":"I - Услуге смештаја и исхране","vrednost":"862"},{"idindikator":"190104IND01","mes":"00","god":"2018","IDTer":"RS","nTer":"РЕПУБЛИКА СРБИЈА","IDKD08":"I","nkd08":"I - Услуге смештаја и исхране","vrednost":"864"},{"idindikator":"190104IND01","mes":"00","god":"2007","IDTer":"RS","nTer":"РЕПУБЛИКА СРБИЈА","IDKD08":"J","nkd08":"J - Информисање и комуникације","vrednost":"2068"},{"idindikator":"190104IND01","mes":"00","god":"2008","IDTer":"RS","nTer":"РЕПУБЛИКА СРБИЈА","IDKD08":"J","nkd08":"J - Информисање и комуникације","vrednost":"2349"},{"idindikator":"190104IND01","mes":"00","god":"2009","IDTer":"RS","nTer":"РЕПУБЛИКА СРБИЈА","IDKD08":"J","nkd08":"J - Информисање и комуникације","vrednost":"2376"},{"idindikator":"190104IND01","mes":"00","god":"2010","IDTer":"RS","nTer":"РЕПУБЛИКА СРБИЈА","IDKD08":"J","nkd08":"J - Информисање и комуникације","vrednost":"2700"},{"idindikator":"190104IND01","mes":"00","god":"2011","IDTer":"RS","nTer":"РЕПУБЛИКА СРБИЈА","IDKD08":"J","nkd08":"J - Информисање и комуникације","vrednost":"2856"},{"idindikator":"190104IND01","mes":"00","god":"2012","IDTer":"RS","nTer":"РЕПУБЛИКА СРБИЈА","IDKD08":"J","nkd08":"J - Информисање и комуникације","vrednost":"3082"},{"idindikator":"190104IND01","mes":"00","god":"2013","IDTer":"RS","nTer":"РЕПУБЛИКА СРБИЈА","IDKD08":"J","nkd08":"J - Информисање и комуникације","vrednost":"2952"},{"idindikator":"190104IND01","mes":"00","god":"2014","IDTer":"RS","nTer":"РЕПУБЛИКА СРБИЈА","IDKD08":"J","nkd08":"J - Информисање и комуникације","vrednost":"2977"},{"idindikator":"190104IND01","mes":"00","god":"2015","IDTer":"RS","nTer":"РЕПУБЛИКА СРБИЈА","IDKD08":"J","nkd08":"J - Информисање и комуникације","vrednost":"2963"},{"idindikator":"190104IND01","mes":"00","god":"2016","IDTer":"RS","nTer":"РЕПУБЛИКА СРБИЈА","IDKD08":"J","nkd08":"J - Информисање и комуникације","vrednost":"3315"},{"idindikator":"190104IND01","mes":"00","god":"2017","IDTer":"RS","nTer":"РЕПУБЛИКА СРБИЈА","IDKD08":"J","nkd08":"J - Информисање и комуникације","vrednost":"3400"},{"idindikator":"190104IND01","mes":"00","god":"2018","IDTer":"RS","nTer":"РЕПУБЛИКА СРБИЈА","IDKD08":"J","nkd08":"J - Информисање и комуникације","vrednost":"3551"},{"idindikator":"190104IND01","mes":"00","god":"2007","IDTer":"RS","nTer":"РЕПУБЛИКА СРБИЈА","IDKD08":"L","nkd08":"L - Пoсловање некретнинама","vrednost":"775"},{"idindikator":"190104IND01","mes":"00","god":"2008","IDTer":"RS","nTer":"РЕПУБЛИКА СРБИЈА","IDKD08":"L","nkd08":"L - Пoсловање некретнинама","vrednost":"1630"},{"idindikator":"190104IND01","mes":"00","god":"2009","IDTer":"RS","nTer":"РЕПУБЛИКА СРБИЈА","IDKD08":"L","nkd08":"L - Пoсловање некретнинама","vrednost":"2889"},{"idindikator":"190104IND01","mes":"00","god":"2010","IDTer":"RS","nTer":"РЕПУБЛИКА СРБИЈА","IDKD08":"L","nkd08":"L - Пoсловање некретнинама","vrednost":"3261"},{"idindikator":"190104IND01","mes":"00","god":"2011","IDTer":"RS","nTer":"РЕПУБЛИКА СРБИЈА","IDKD08":"L","nkd08":"L - Пoсловање некретнинама","vrednost":"2896"},{"idindikator":"190104IND01","mes":"00","god":"2012","IDTer":"RS","nTer":"РЕПУБЛИКА СРБИЈА","IDKD08":"L","nkd08":"L - Пoсловање некретнинама","vrednost":"3550"},{"idindikator":"190104IND01","mes":"00","god":"2013","IDTer":"RS","nTer":"РЕПУБЛИКА СРБИЈА","IDKD08":"L","nkd08":"L - Пoсловање некретнинама","vrednost":"3002"},{"idindikator":"190104IND01","mes":"00","god":"2014","IDTer":"RS","nTer":"РЕПУБЛИКА СРБИЈА","IDKD08":"L","nkd08":"L - Пoсловање некретнинама","vrednost":"3169"},{"idindikator":"190104IND01","mes":"00","god":"2015","IDTer":"RS","nTer":"РЕПУБЛИКА СРБИЈА","IDKD08":"L","nkd08":"L - Пoсловање некретнинама","vrednost":"3132"},{"idindikator":"190104IND01","mes":"00","god":"2016","IDTer":"RS","nTer":"РЕПУБЛИКА СРБИЈА","IDKD08":"L","nkd08":"L - Пoсловање некретнинама","vrednost":"3271"},{"idindikator":"190104IND01","mes":"00","god":"2017","IDTer":"RS","nTer":"РЕПУБЛИКА СРБИЈА","IDKD08":"L","nkd08":"L - Пoсловање некретнинама","vrednost":"3702"},{"idindikator":"190104IND01","mes":"00","god":"2018","IDTer":"RS","nTer":"РЕПУБЛИКА СРБИЈА","IDKD08":"L","nkd08":"L - Пoсловање некретнинама","vrednost":"3110"},{"idindikator":"190104IND01","mes":"00","god":"2007","IDTer":"RS","nTer":"РЕПУБЛИКА СРБИЈА","IDKD08":"M","nkd08":"M - Стручне, научне и техничке делатности","vrednost":"1235"},{"idindikator":"190104IND01","mes":"00","god":"2008","IDTer":"RS","nTer":"РЕПУБЛИКА СРБИЈА","IDKD08":"M","nkd08":"M - Стручне, научне и техничке делатности","vrednost":"1078"},{"idindikator":"190104IND01","mes":"00","god":"2009","IDTer":"RS","nTer":"РЕПУБЛИКА СРБИЈА","IDKD08":"M","nkd08":"M - Стручне, научне и техничке делатности","vrednost":"1079"},{"idindikator":"190104IND01","mes":"00","god":"2010","IDTer":"RS","nTer":"РЕПУБЛИКА СРБИЈА","IDKD08":"M","nkd08":"M - Стручне, научне и техничке делатности","vrednost":"1085"},{"idindikator":"190104IND01","mes":"00","god":"2011","IDTer":"RS","nTer":"РЕПУБЛИКА СРБИЈА","IDKD08":"M","nkd08":"M - Стручне, научне и техничке делатности","vrednost":"1178"},{"idindikator":"190104IND01","mes":"00","god":"2012","IDTer":"RS","nTer":"РЕПУБЛИКА СРБИЈА","IDKD08":"M","nkd08":"M - Стручне, научне и техничке делатности","vrednost":"1268"},{"idindikator":"190104IND01","mes":"00","god":"2013","IDTer":"RS","nTer":"РЕПУБЛИКА СРБИЈА","IDKD08":"M","nkd08":"M - Стручне, научне и техничке делатности","vrednost":"1248"},{"idindikator":"190104IND01","mes":"00","god":"2014","IDTer":"RS","nTer":"РЕПУБЛИКА СРБИЈА","IDKD08":"M","nkd08":"M - Стручне, научне и техничке делатности","vrednost":"1293"},{"idindikator":"190104IND01","mes":"00","god":"2015","IDTer":"RS","nTer":"РЕПУБЛИКА СРБИЈА","IDKD08":"M","nkd08":"M - Стручне, научне и техничке делатности","vrednost":"1388"},{"idindikator":"190104IND01","mes":"00","god":"2016","IDTer":"RS","nTer":"РЕПУБЛИКА СРБИЈА","IDKD08":"M","nkd08":"M - Стручне, научне и техничке делатности","vrednost":"1426"},{"idindikator":"190104IND01","mes":"00","god":"2017","IDTer":"RS","nTer":"РЕПУБЛИКА СРБИЈА","IDKD08":"M","nkd08":"M - Стручне, научне и техничке делатности","vrednost":"1519"},{"idindikator":"190104IND01","mes":"00","god":"2018","IDTer":"RS","nTer":"РЕПУБЛИКА СРБИЈА","IDKD08":"M","nkd08":"M - Стручне, научне и техничке делатности","vrednost":"1732"},{"idindikator":"190104IND01","mes":"00","god":"2007","IDTer":"RS","nTer":"РЕПУБЛИКА СРБИЈА","IDKD08":"N","nkd08":"N - Административне и помоћне услужне делатности","vrednost":"666"},{"idindikator":"190104IND01","mes":"00","god":"2008","IDTer":"RS","nTer":"РЕПУБЛИКА СРБИЈА","IDKD08":"N","nkd08":"N - Административне и помоћне услужне делатности","vrednost":"707"},{"idindikator":"190104IND01","mes":"00","god":"2009","IDTer":"RS","nTer":"РЕПУБЛИКА СРБИЈА","IDKD08":"N","nkd08":"N - Административне и помоћне услужне делатности","vrednost":"774"},{"idindikator":"190104IND01","mes":"00","god":"2010","IDTer":"RS","nTer":"РЕПУБЛИКА СРБИЈА","IDKD08":"N","nkd08":"N - Административне и помоћне услужне делатности","vrednost":"801"},{"idindikator":"190104IND01","mes":"00","god":"2011","IDTer":"RS","nTer":"РЕПУБЛИКА СРБИЈА","IDKD08":"N","nkd08":"N - Административне и помоћне услужне делатности","vrednost":"835"},{"idindikator":"190104IND01","mes":"00","god":"2012","IDTer":"RS","nTer":"РЕПУБЛИКА СРБИЈА","IDKD08":"N","nkd08":"N - Административне и помоћне услужне делатности","vrednost":"846"},{"idindikator":"190104IND01","mes":"00","god":"2013","IDTer":"RS","nTer":"РЕПУБЛИКА СРБИЈА","IDKD08":"N","nkd08":"N - Административне и помоћне услужне делатности","vrednost":"797"},{"idindikator":"190104IND01","mes":"00","god":"2014","IDTer":"RS","nTer":"РЕПУБЛИКА СРБИЈА","IDKD08":"N","nkd08":"N - Административне и помоћне услужне делатности","vrednost":"776"},{"idindikator":"190104IND01","mes":"00","god":"2015","IDTer":"RS","nTer":"РЕПУБЛИКА СРБИЈА","IDKD08":"N","nkd08":"N - Административне и помоћне услужне делатности","vrednost":"776"},{"idindikator":"190104IND01","mes":"00","god":"2016","IDTer":"RS","nTer":"РЕПУБЛИКА СРБИЈА","IDKD08":"N","nkd08":"N - Административне и помоћне услужне делатности","vrednost":"906"},{"idindikator":"190104IND01","mes":"00","god":"2017","IDTer":"RS","nTer":"РЕПУБЛИКА СРБИЈА","IDKD08":"N","nkd08":"N - Административне и помоћне услужне делатности","vrednost":"1016"},{"idindikator":"190104IND01","mes":"00","god":"2018","IDTer":"RS","nTer":"РЕПУБЛИКА СРБИЈА","IDKD08":"N","nkd08":"N - Административне и помоћне услужне делатности","vrednost":"1096"},{"idindikator":"190104IND01","mes":"00","god":"2017","IDTer":"RS","nTer":"РЕПУБЛИКА СРБИЈА","IDKD08":"S","nkd08":"S - Остале услужне делатности","vrednost":"963"},{"idindikator":"190104IND01","mes":"00","god":"2018","IDTer":"RS","nTer":"РЕПУБЛИКА СРБИЈА","IDKD08":"S","nkd08":"S - Остале услужне делатности","vrednost":"1120"}]