[{"idindikator":"190104IND04","mes":"00","god":"2007","IDTer":"RS","nTer":"РЕПУБЛИКА СРБИЈА","IDKD08":"0","nkd08":"Укупно","vrednost":"565"},{"idindikator":"190104IND04","mes":"00","god":"2008","IDTer":"RS","nTer":"РЕПУБЛИКА СРБИЈА","IDKD08":"0","nkd08":"Укупно","vrednost":"638"},{"idindikator":"190104IND04","mes":"00","god":"2009","IDTer":"RS","nTer":"РЕПУБЛИКА СРБИЈА","IDKD08":"0","nkd08":"Укупно","vrednost":"679"},{"idindikator":"190104IND04","mes":"00","god":"2010","IDTer":"RS","nTer":"РЕПУБЛИКА СРБИЈА","IDKD08":"0","nkd08":"Укупно","vrednost":"729"},{"idindikator":"190104IND04","mes":"00","god":"2011","IDTer":"RS","nTer":"РЕПУБЛИКА СРБИЈА","IDKD08":"0","nkd08":"Укупно","vrednost":"794"},{"idindikator":"190104IND04","mes":"00","god":"2012","IDTer":"RS","nTer":"РЕПУБЛИКА СРБИЈА","IDKD08":"0","nkd08":"Укупно","vrednost":"862"},{"idindikator":"190104IND04","mes":"00","god":"2013","IDTer":"RS","nTer":"РЕПУБЛИКА СРБИЈА","IDKD08":"0","nkd08":"Укупно","vrednost":"907"},{"idindikator":"190104IND04","mes":"00","god":"2014","IDTer":"RS","nTer":"РЕПУБЛИКА СРБИЈА","IDKD08":"0","nkd08":"Укупно","vrednost":"939"},{"idindikator":"190104IND04","mes":"00","god":"2015","IDTer":"RS","nTer":"РЕПУБЛИКА СРБИЈА","IDKD08":"0","nkd08":"Укупно","vrednost":"966"},{"idindikator":"190104IND04","mes":"00","god":"2016","IDTer":"RS","nTer":"РЕПУБЛИКА СРБИЈА","IDKD08":"0","nkd08":"Укупно","vrednost":"1000"},{"idindikator":"190104IND04","mes":"00","god":"2017","IDTer":"RS","nTer":"РЕПУБЛИКА СРБИЈА","IDKD08":"0","nkd08":"Укупно","vrednost":"1049"},{"idindikator":"190104IND04","mes":"00","god":"2018","IDTer":"RS","nTer":"РЕПУБЛИКА СРБИЈА","IDKD08":"0","nkd08":"Укупно","vrednost":"1105"},{"idindikator":"190104IND04","mes":"00","god":"2007","IDTer":"RS","nTer":"РЕПУБЛИКА СРБИЈА","IDKD08":"B","nkd08":"B - Рударство","vrednost":"770"},{"idindikator":"190104IND04","mes":"00","god":"2008","IDTer":"RS","nTer":"РЕПУБЛИКА СРБИЈА","IDKD08":"B","nkd08":"B - Рударство","vrednost":"864"},{"idindikator":"190104IND04","mes":"00","god":"2009","IDTer":"RS","nTer":"РЕПУБЛИКА СРБИЈА","IDKD08":"B","nkd08":"B - Рударство","vrednost":"993"},{"idindikator":"190104IND04","mes":"00","god":"2010","IDTer":"RS","nTer":"РЕПУБЛИКА СРБИЈА","IDKD08":"B","nkd08":"B - Рударство","vrednost":"1042"},{"idindikator":"190104IND04","mes":"00","god":"2011","IDTer":"RS","nTer":"РЕПУБЛИКА СРБИЈА","IDKD08":"B","nkd08":"B - Рударство","vrednost":"1200"},{"idindikator":"190104IND04","mes":"00","god":"2012","IDTer":"RS","nTer":"РЕПУБЛИКА СРБИЈА","IDKD08":"B","nkd08":"B - Рударство","vrednost":"1399"},{"idindikator":"190104IND04","mes":"00","god":"2013","IDTer":"RS","nTer":"РЕПУБЛИКА СРБИЈА","IDKD08":"B","nkd08":"B - Рударство","vrednost":"1498"},{"idindikator":"190104IND04","mes":"00","god":"2014","IDTer":"RS","nTer":"РЕПУБЛИКА СРБИЈА","IDKD08":"B","nkd08":"B - Рударство","vrednost":"1539"},{"idindikator":"190104IND04","mes":"00","god":"2015","IDTer":"RS","nTer":"РЕПУБЛИКА СРБИЈА","IDKD08":"B","nkd08":"B - Рударство","vrednost":"1693"},{"idindikator":"190104IND04","mes":"00","god":"2016","IDTer":"RS","nTer":"РЕПУБЛИКА СРБИЈА","IDKD08":"B","nkd08":"B - Рударство","vrednost":"1380"},{"idindikator":"190104IND04","mes":"00","god":"2017","IDTer":"RS","nTer":"РЕПУБЛИКА СРБИЈА","IDKD08":"B","nkd08":"B - Рударство","vrednost":"1386"},{"idindikator":"190104IND04","mes":"00","god":"2018","IDTer":"RS","nTer":"РЕПУБЛИКА СРБИЈА","IDKD08":"B","nkd08":"B - Рударство","vrednost":"1466"},{"idindikator":"190104IND04","mes":"00","god":"2007","IDTer":"RS","nTer":"РЕПУБЛИКА СРБИЈА","IDKD08":"C","nkd08":"C - Прерађивачка индустрија","vrednost":"517"},{"idindikator":"190104IND04","mes":"00","god":"2008","IDTer":"RS","nTer":"РЕПУБЛИКА СРБИЈА","IDKD08":"C","nkd08":"C - Прерађивачка индустрија","vrednost":"586"},{"idindikator":"190104IND04","mes":"00","god":"2009","IDTer":"RS","nTer":"РЕПУБЛИКА СРБИЈА","IDKD08":"C","nkd08":"C - Прерађивачка индустрија","vrednost":"634"},{"idindikator":"190104IND04","mes":"00","god":"2010","IDTer":"RS","nTer":"РЕПУБЛИКА СРБИЈА","IDKD08":"C","nkd08":"C - Прерађивачка индустрија","vrednost":"687"},{"idindikator":"190104IND04","mes":"00","god":"2011","IDTer":"RS","nTer":"РЕПУБЛИКА СРБИЈА","IDKD08":"C","nkd08":"C - Прерађивачка индустрија","vrednost":"752"},{"idindikator":"190104IND04","mes":"00","god":"2012","IDTer":"RS","nTer":"РЕПУБЛИКА СРБИЈА","IDKD08":"C","nkd08":"C - Прерађивачка индустрија","vrednost":"802"},{"idindikator":"190104IND04","mes":"00","god":"2013","IDTer":"RS","nTer":"РЕПУБЛИКА СРБИЈА","IDKD08":"C","nkd08":"C - Прерађивачка индустрија","vrednost":"840"},{"idindikator":"190104IND04","mes":"00","god":"2014","IDTer":"RS","nTer":"РЕПУБЛИКА СРБИЈА","IDKD08":"C","nkd08":"C - Прерађивачка индустрија","vrednost":"845"},{"idindikator":"190104IND04","mes":"00","god":"2015","IDTer":"RS","nTer":"РЕПУБЛИКА СРБИЈА","IDKD08":"C","nkd08":"C - Прерађивачка индустрија","vrednost":"894"},{"idindikator":"190104IND04","mes":"00","god":"2016","IDTer":"RS","nTer":"РЕПУБЛИКА СРБИЈА","IDKD08":"C","nkd08":"C - Прерађивачка индустрија","vrednost":"913"},{"idindikator":"190104IND04","mes":"00","god":"2017","IDTer":"RS","nTer":"РЕПУБЛИКА СРБИЈА","IDKD08":"C","nkd08":"C - Прерађивачка индустрија","vrednost":"965"},{"idindikator":"190104IND04","mes":"00","god":"2018","IDTer":"RS","nTer":"РЕПУБЛИКА СРБИЈА","IDKD08":"C","nkd08":"C - Прерађивачка индустрија","vrednost":"998"},{"idindikator":"190104IND04","mes":"00","god":"2007","IDTer":"RS","nTer":"РЕПУБЛИКА СРБИЈА","IDKD08":"D","nkd08":"D - Снабдевање електричном енергијом, гасом, паром и климатизација","vrednost":"911"},{"idindikator":"190104IND04","mes":"00","god":"2008","IDTer":"RS","nTer":"РЕПУБЛИКА СРБИЈА","IDKD08":"D","nkd08":"D - Снабдевање електричном енергијом, гасом, паром и климатизација","vrednost":"1034"},{"idindikator":"190104IND04","mes":"00","god":"2009","IDTer":"RS","nTer":"РЕПУБЛИКА СРБИЈА","IDKD08":"D","nkd08":"D - Снабдевање електричном енергијом, гасом, паром и климатизација","vrednost":"1114"},{"idindikator":"190104IND04","mes":"00","god":"2010","IDTer":"RS","nTer":"РЕПУБЛИКА СРБИЈА","IDKD08":"D","nkd08":"D - Снабдевање електричном енергијом, гасом, паром и климатизација","vrednost":"1199"},{"idindikator":"190104IND04","mes":"00","god":"2011","IDTer":"RS","nTer":"РЕПУБЛИКА СРБИЈА","IDKD08":"D","nkd08":"D - Снабдевање електричном енергијом, гасом, паром и климатизација","vrednost":"1371"},{"idindikator":"190104IND04","mes":"00","god":"2012","IDTer":"RS","nTer":"РЕПУБЛИКА СРБИЈА","IDKD08":"D","nkd08":"D - Снабдевање електричном енергијом, гасом, паром и климатизација","vrednost":"1525"},{"idindikator":"190104IND04","mes":"00","god":"2013","IDTer":"RS","nTer":"РЕПУБЛИКА СРБИЈА","IDKD08":"D","nkd08":"D - Снабдевање електричном енергијом, гасом, паром и климатизација","vrednost":"1591"},{"idindikator":"190104IND04","mes":"00","god":"2014","IDTer":"RS","nTer":"РЕПУБЛИКА СРБИЈА","IDKD08":"D","nkd08":"D - Снабдевање електричном енергијом, гасом, паром и климатизација","vrednost":"1636"},{"idindikator":"190104IND04","mes":"00","god":"2015","IDTer":"RS","nTer":"РЕПУБЛИКА СРБИЈА","IDKD08":"D","nkd08":"D - Снабдевање електричном енергијом, гасом, паром и климатизација","vrednost":"1363"},{"idindikator":"190104IND04","mes":"00","god":"2016","IDTer":"RS","nTer":"РЕПУБЛИКА СРБИЈА","IDKD08":"D","nkd08":"D - Снабдевање електричном енергијом, гасом, паром и климатизација","vrednost":"1869"},{"idindikator":"190104IND04","mes":"00","god":"2017","IDTer":"RS","nTer":"РЕПУБЛИКА СРБИЈА","IDKD08":"D","nkd08":"D - Снабдевање електричном енергијом, гасом, паром и климатизација","vrednost":"2033"},{"idindikator":"190104IND04","mes":"00","god":"2018","IDTer":"RS","nTer":"РЕПУБЛИКА СРБИЈА","IDKD08":"D","nkd08":"D - Снабдевање електричном енергијом, гасом, паром и климатизација","vrednost":"2031"},{"idindikator":"190104IND04","mes":"00","god":"2007","IDTer":"RS","nTer":"РЕПУБЛИКА СРБИЈА","IDKD08":"E","nkd08":"E - Снабдевање водом; управљање отпадним водама, контролисање процеса уклањања отпада и сличне активности","vrednost":"618"},{"idindikator":"190104IND04","mes":"00","god":"2008","IDTer":"RS","nTer":"РЕПУБЛИКА СРБИЈА","IDKD08":"E","nkd08":"E - Снабдевање водом; управљање отпадним водама, контролисање процеса уклањања отпада и сличне активности","vrednost":"617"},{"idindikator":"190104IND04","mes":"00","god":"2009","IDTer":"RS","nTer":"РЕПУБЛИКА СРБИЈА","IDKD08":"E","nkd08":"E - Снабдевање водом; управљање отпадним водама, контролисање процеса уклањања отпада и сличне активности","vrednost":"670"},{"idindikator":"190104IND04","mes":"00","god":"2010","IDTer":"RS","nTer":"РЕПУБЛИКА СРБИЈА","IDKD08":"E","nkd08":"E - Снабдевање водом; управљање отпадним водама, контролисање процеса уклањања отпада и сличне активности","vrednost":"678"},{"idindikator":"190104IND04","mes":"00","god":"2011","IDTer":"RS","nTer":"РЕПУБЛИКА СРБИЈА","IDKD08":"E","nkd08":"E - Снабдевање водом; управљање отпадним водама, контролисање процеса уклањања отпада и сличне активности","vrednost":"754"},{"idindikator":"190104IND04","mes":"00","god":"2012","IDTer":"RS","nTer":"РЕПУБЛИКА СРБИЈА","IDKD08":"E","nkd08":"E - Снабдевање водом; управљање отпадним водама, контролисање процеса уклањања отпада и сличне активности","vrednost":"801"},{"idindikator":"190104IND04","mes":"00","god":"2013","IDTer":"RS","nTer":"РЕПУБЛИКА СРБИЈА","IDKD08":"E","nkd08":"E - Снабдевање водом; управљање отпадним водама, контролисање процеса уклањања отпада и сличне активности","vrednost":"835"},{"idindikator":"190104IND04","mes":"00","god":"2014","IDTer":"RS","nTer":"РЕПУБЛИКА СРБИЈА","IDKD08":"E","nkd08":"E - Снабдевање водом; управљање отпадним водама, контролисање процеса уклањања отпада и сличне активности","vrednost":"863"},{"idindikator":"190104IND04","mes":"00","god":"2015","IDTer":"RS","nTer":"РЕПУБЛИКА СРБИЈА","IDKD08":"E","nkd08":"E - Снабдевање водом; управљање отпадним водама, контролисање процеса уклањања отпада и сличне активности","vrednost":"870"},{"idindikator":"190104IND04","mes":"00","god":"2016","IDTer":"RS","nTer":"РЕПУБЛИКА СРБИЈА","IDKD08":"E","nkd08":"E - Снабдевање водом; управљање отпадним водама, контролисање процеса уклањања отпада и сличне активности","vrednost":"870"},{"idindikator":"190104IND04","mes":"00","god":"2017","IDTer":"RS","nTer":"РЕПУБЛИКА СРБИЈА","IDKD08":"E","nkd08":"E - Снабдевање водом; управљање отпадним водама, контролисање процеса уклањања отпада и сличне активности","vrednost":"939"},{"idindikator":"190104IND04","mes":"00","god":"2018","IDTer":"RS","nTer":"РЕПУБЛИКА СРБИЈА","IDKD08":"E","nkd08":"E - Снабдевање водом; управљање отпадним водама, контролисање процеса уклањања отпада и сличне активности","vrednost":"964"},{"idindikator":"190104IND04","mes":"00","god":"2007","IDTer":"RS","nTer":"РЕПУБЛИКА СРБИЈА","IDKD08":"F","nkd08":"F - Грађевинарство","vrednost":"545"},{"idindikator":"190104IND04","mes":"00","god":"2008","IDTer":"RS","nTer":"РЕПУБЛИКА СРБИЈА","IDKD08":"F","nkd08":"F - Грађевинарство","vrednost":"635"},{"idindikator":"190104IND04","mes":"00","god":"2009","IDTer":"RS","nTer":"РЕПУБЛИКА СРБИЈА","IDKD08":"F","nkd08":"F - Грађевинарство","vrednost":"660"},{"idindikator":"190104IND04","mes":"00","god":"2010","IDTer":"RS","nTer":"РЕПУБЛИКА СРБИЈА","IDKD08":"F","nkd08":"F - Грађевинарство","vrednost":"706"},{"idindikator":"190104IND04","mes":"00","god":"2011","IDTer":"RS","nTer":"РЕПУБЛИКА СРБИЈА","IDKD08":"F","nkd08":"F - Грађевинарство","vrednost":"783"},{"idindikator":"190104IND04","mes":"00","god":"2012","IDTer":"RS","nTer":"РЕПУБЛИКА СРБИЈА","IDKD08":"F","nkd08":"F - Грађевинарство","vrednost":"856"},{"idindikator":"190104IND04","mes":"00","god":"2013","IDTer":"RS","nTer":"РЕПУБЛИКА СРБИЈА","IDKD08":"F","nkd08":"F - Грађевинарство","vrednost":"924"},{"idindikator":"190104IND04","mes":"00","god":"2014","IDTer":"RS","nTer":"РЕПУБЛИКА СРБИЈА","IDKD08":"F","nkd08":"F - Грађевинарство","vrednost":"1014"},{"idindikator":"190104IND04","mes":"00","god":"2015","IDTer":"RS","nTer":"РЕПУБЛИКА СРБИЈА","IDKD08":"F","nkd08":"F - Грађевинарство","vrednost":"1049"},{"idindikator":"190104IND04","mes":"00","god":"2016","IDTer":"RS","nTer":"РЕПУБЛИКА СРБИЈА","IDKD08":"F","nkd08":"F - Грађевинарство","vrednost":"972"},{"idindikator":"190104IND04","mes":"00","god":"2017","IDTer":"RS","nTer":"РЕПУБЛИКА СРБИЈА","IDKD08":"F","nkd08":"F - Грађевинарство","vrednost":"1045"},{"idindikator":"190104IND04","mes":"00","god":"2018","IDTer":"RS","nTer":"РЕПУБЛИКА СРБИЈА","IDKD08":"F","nkd08":"F - Грађевинарство","vrednost":"1111"},{"idindikator":"190104IND04","mes":"00","god":"2007","IDTer":"RS","nTer":"РЕПУБЛИКА СРБИЈА","IDKD08":"G","nkd08":"G - Трговина на велико и трговина на мало; поправка моторних возила и мотоцикала","vrednost":"498"},{"idindikator":"190104IND04","mes":"00","god":"2008","IDTer":"RS","nTer":"РЕПУБЛИКА СРБИЈА","IDKD08":"G","nkd08":"G - Трговина на велико и трговина на мало; поправка моторних возила и мотоцикала","vrednost":"569"},{"idindikator":"190104IND04","mes":"00","god":"2009","IDTer":"RS","nTer":"РЕПУБЛИКА СРБИЈА","IDKD08":"G","nkd08":"G - Трговина на велико и трговина на мало; поправка моторних возила и мотоцикала","vrednost":"597"},{"idindikator":"190104IND04","mes":"00","god":"2010","IDTer":"RS","nTer":"РЕПУБЛИКА СРБИЈА","IDKD08":"G","nkd08":"G - Трговина на велико и трговина на мало; поправка моторних возила и мотоцикала","vrednost":"637"},{"idindikator":"190104IND04","mes":"00","god":"2011","IDTer":"RS","nTer":"РЕПУБЛИКА СРБИЈА","IDKD08":"G","nkd08":"G - Трговина на велико и трговина на мало; поправка моторних возила и мотоцикала","vrednost":"671"},{"idindikator":"190104IND04","mes":"00","god":"2012","IDTer":"RS","nTer":"РЕПУБЛИКА СРБИЈА","IDKD08":"G","nkd08":"G - Трговина на велико и трговина на мало; поправка моторних возила и мотоцикала","vrednost":"729"},{"idindikator":"190104IND04","mes":"00","god":"2013","IDTer":"RS","nTer":"РЕПУБЛИКА СРБИЈА","IDKD08":"G","nkd08":"G - Трговина на велико и трговина на мало; поправка моторних возила и мотоцикала","vrednost":"761"},{"idindikator":"190104IND04","mes":"00","god":"2014","IDTer":"RS","nTer":"РЕПУБЛИКА СРБИЈА","IDKD08":"G","nkd08":"G - Трговина на велико и трговина на мало; поправка моторних возила и мотоцикала","vrednost":"792"},{"idindikator":"190104IND04","mes":"00","god":"2015","IDTer":"RS","nTer":"РЕПУБЛИКА СРБИЈА","IDKD08":"G","nkd08":"G - Трговина на велико и трговина на мало; поправка моторних возила и мотоцикала","vrednost":"809"},{"idindikator":"190104IND04","mes":"00","god":"2016","IDTer":"RS","nTer":"РЕПУБЛИКА СРБИЈА","IDKD08":"G","nkd08":"G - Трговина на велико и трговина на мало; поправка моторних возила и мотоцикала","vrednost":"845"},{"idindikator":"190104IND04","mes":"00","god":"2017","IDTer":"RS","nTer":"РЕПУБЛИКА СРБИЈА","IDKD08":"G","nkd08":"G - Трговина на велико и трговина на мало; поправка моторних возила и мотоцикала","vrednost":"880"},{"idindikator":"190104IND04","mes":"00","god":"2018","IDTer":"RS","nTer":"РЕПУБЛИКА СРБИЈА","IDKD08":"G","nkd08":"G - Трговина на велико и трговина на мало; поправка моторних возила и мотоцикала","vrednost":"952"},{"idindikator":"190104IND04","mes":"00","god":"2007","IDTer":"RS","nTer":"РЕПУБЛИКА СРБИЈА","IDKD08":"H","nkd08":"H - Саобраћај и складиштење","vrednost":"613"},{"idindikator":"190104IND04","mes":"00","god":"2008","IDTer":"RS","nTer":"РЕПУБЛИКА СРБИЈА","IDKD08":"H","nkd08":"H - Саобраћај и складиштење","vrednost":"701"},{"idindikator":"190104IND04","mes":"00","god":"2009","IDTer":"RS","nTer":"РЕПУБЛИКА СРБИЈА","IDKD08":"H","nkd08":"H - Саобраћај и складиштење","vrednost":"749"},{"idindikator":"190104IND04","mes":"00","god":"2010","IDTer":"RS","nTer":"РЕПУБЛИКА СРБИЈА","IDKD08":"H","nkd08":"H - Саобраћај и складиштење","vrednost":"801"},{"idindikator":"190104IND04","mes":"00","god":"2011","IDTer":"RS","nTer":"РЕПУБЛИКА СРБИЈА","IDKD08":"H","nkd08":"H - Саобраћај и складиштење","vrednost":"848"},{"idindikator":"190104IND04","mes":"00","god":"2012","IDTer":"RS","nTer":"РЕПУБЛИКА СРБИЈА","IDKD08":"H","nkd08":"H - Саобраћај и складиштење","vrednost":"916"},{"idindikator":"190104IND04","mes":"00","god":"2013","IDTer":"RS","nTer":"РЕПУБЛИКА СРБИЈА","IDKD08":"H","nkd08":"H - Саобраћај и складиштење","vrednost":"969"},{"idindikator":"190104IND04","mes":"00","god":"2014","IDTer":"RS","nTer":"РЕПУБЛИКА СРБИЈА","IDKD08":"H","nkd08":"H - Саобраћај и складиштење","vrednost":"987"},{"idindikator":"190104IND04","mes":"00","god":"2015","IDTer":"RS","nTer":"РЕПУБЛИКА СРБИЈА","IDKD08":"H","nkd08":"H - Саобраћај и складиштење","vrednost":"1007"},{"idindikator":"190104IND04","mes":"00","god":"2016","IDTer":"RS","nTer":"РЕПУБЛИКА СРБИЈА","IDKD08":"H","nkd08":"H - Саобраћај и складиштење","vrednost":"1055"},{"idindikator":"190104IND04","mes":"00","god":"2017","IDTer":"RS","nTer":"РЕПУБЛИКА СРБИЈА","IDKD08":"H","nkd08":"H - Саобраћај и складиштење","vrednost":"1068"},{"idindikator":"190104IND04","mes":"00","god":"2018","IDTer":"RS","nTer":"РЕПУБЛИКА СРБИЈА","IDKD08":"H","nkd08":"H - Саобраћај и складиштење","vrednost":"1122"},{"idindikator":"190104IND04","mes":"00","god":"2007","IDTer":"RS","nTer":"РЕПУБЛИКА СРБИЈА","IDKD08":"I","nkd08":"I - Услуге смештаја и исхране","vrednost":"469"},{"idindikator":"190104IND04","mes":"00","god":"2008","IDTer":"RS","nTer":"РЕПУБЛИКА СРБИЈА","IDKD08":"I","nkd08":"I - Услуге смештаја и исхране","vrednost":"472"},{"idindikator":"190104IND04","mes":"00","god":"2009","IDTer":"RS","nTer":"РЕПУБЛИКА СРБИЈА","IDKD08":"I","nkd08":"I - Услуге смештаја и исхране","vrednost":"480"},{"idindikator":"190104IND04","mes":"00","god":"2010","IDTer":"RS","nTer":"РЕПУБЛИКА СРБИЈА","IDKD08":"I","nkd08":"I - Услуге смештаја и исхране","vrednost":"503"},{"idindikator":"190104IND04","mes":"00","god":"2011","IDTer":"RS","nTer":"РЕПУБЛИКА СРБИЈА","IDKD08":"I","nkd08":"I - Услуге смештаја и исхране","vrednost":"547"},{"idindikator":"190104IND04","mes":"00","god":"2012","IDTer":"RS","nTer":"РЕПУБЛИКА СРБИЈА","IDKD08":"I","nkd08":"I - Услуге смештаја и исхране","vrednost":"596"},{"idindikator":"190104IND04","mes":"00","god":"2013","IDTer":"RS","nTer":"РЕПУБЛИКА СРБИЈА","IDKD08":"I","nkd08":"I - Услуге смештаја и исхране","vrednost":"605"},{"idindikator":"190104IND04","mes":"00","god":"2014","IDTer":"RS","nTer":"РЕПУБЛИКА СРБИЈА","IDKD08":"I","nkd08":"I - Услуге смештаја и исхране","vrednost":"580"},{"idindikator":"190104IND04","mes":"00","god":"2015","IDTer":"RS","nTer":"РЕПУБЛИКА СРБИЈА","IDKD08":"I","nkd08":"I - Услуге смештаја и исхране","vrednost":"602"},{"idindikator":"190104IND04","mes":"00","god":"2016","IDTer":"RS","nTer":"РЕПУБЛИКА СРБИЈА","IDKD08":"I","nkd08":"I - Услуге смештаја и исхране","vrednost":"608"},{"idindikator":"190104IND04","mes":"00","god":"2017","IDTer":"RS","nTer":"РЕПУБЛИКА СРБИЈА","IDKD08":"I","nkd08":"I - Услуге смештаја и исхране","vrednost":"643"},{"idindikator":"190104IND04","mes":"00","god":"2018","IDTer":"RS","nTer":"РЕПУБЛИКА СРБИЈА","IDKD08":"I","nkd08":"I - Услуге смештаја и исхране","vrednost":"671"},{"idindikator":"190104IND04","mes":"00","god":"2007","IDTer":"RS","nTer":"РЕПУБЛИКА СРБИЈА","IDKD08":"J","nkd08":"J - Информисање и комуникације","vrednost":"834"},{"idindikator":"190104IND04","mes":"00","god":"2008","IDTer":"RS","nTer":"РЕПУБЛИКА СРБИЈА","IDKD08":"J","nkd08":"J - Информисање и комуникације","vrednost":"929"},{"idindikator":"190104IND04","mes":"00","god":"2009","IDTer":"RS","nTer":"РЕПУБЛИКА СРБИЈА","IDKD08":"J","nkd08":"J - Информисање и комуникације","vrednost":"959"},{"idindikator":"190104IND04","mes":"00","god":"2010","IDTer":"RS","nTer":"РЕПУБЛИКА СРБИЈА","IDKD08":"J","nkd08":"J - Информисање и комуникације","vrednost":"1046"},{"idindikator":"190104IND04","mes":"00","god":"2011","IDTer":"RS","nTer":"РЕПУБЛИКА СРБИЈА","IDKD08":"J","nkd08":"J - Информисање и комуникације","vrednost":"1168"},{"idindikator":"190104IND04","mes":"00","god":"2012","IDTer":"RS","nTer":"РЕПУБЛИКА СРБИЈА","IDKD08":"J","nkd08":"J - Информисање и комуникације","vrednost":"1232"},{"idindikator":"190104IND04","mes":"00","god":"2013","IDTer":"RS","nTer":"РЕПУБЛИКА СРБИЈА","IDKD08":"J","nkd08":"J - Информисање и комуникације","vrednost":"1265"},{"idindikator":"190104IND04","mes":"00","god":"2014","IDTer":"RS","nTer":"РЕПУБЛИКА СРБИЈА","IDKD08":"J","nkd08":"J - Информисање и комуникације","vrednost":"1432"},{"idindikator":"190104IND04","mes":"00","god":"2015","IDTer":"RS","nTer":"РЕПУБЛИКА СРБИЈА","IDKD08":"J","nkd08":"J - Информисање и комуникације","vrednost":"1554"},{"idindikator":"190104IND04","mes":"00","god":"2016","IDTer":"RS","nTer":"РЕПУБЛИКА СРБИЈА","IDKD08":"J","nkd08":"J - Информисање и комуникације","vrednost":"1692"},{"idindikator":"190104IND04","mes":"00","god":"2017","IDTer":"RS","nTer":"РЕПУБЛИКА СРБИЈА","IDKD08":"J","nkd08":"J - Информисање и комуникације","vrednost":"1747"},{"idindikator":"190104IND04","mes":"00","god":"2018","IDTer":"RS","nTer":"РЕПУБЛИКА СРБИЈА","IDKD08":"J","nkd08":"J - Информисање и комуникације","vrednost":"1975"},{"idindikator":"190104IND04","mes":"00","god":"2007","IDTer":"RS","nTer":"РЕПУБЛИКА СРБИЈА","IDKD08":"L","nkd08":"L - Пoсловање некретнинама","vrednost":"622"},{"idindikator":"190104IND04","mes":"00","god":"2008","IDTer":"RS","nTer":"РЕПУБЛИКА СРБИЈА","IDKD08":"L","nkd08":"L - Пoсловање некретнинама","vrednost":"785"},{"idindikator":"190104IND04","mes":"00","god":"2009","IDTer":"RS","nTer":"РЕПУБЛИКА СРБИЈА","IDKD08":"L","nkd08":"L - Пoсловање некретнинама","vrednost":"813"},{"idindikator":"190104IND04","mes":"00","god":"2010","IDTer":"RS","nTer":"РЕПУБЛИКА СРБИЈА","IDKD08":"L","nkd08":"L - Пoсловање некретнинама","vrednost":"789"},{"idindikator":"190104IND04","mes":"00","god":"2011","IDTer":"RS","nTer":"РЕПУБЛИКА СРБИЈА","IDKD08":"L","nkd08":"L - Пoсловање некретнинама","vrednost":"856"},{"idindikator":"190104IND04","mes":"00","god":"2012","IDTer":"RS","nTer":"РЕПУБЛИКА СРБИЈА","IDKD08":"L","nkd08":"L - Пoсловање некретнинама","vrednost":"970"},{"idindikator":"190104IND04","mes":"00","god":"2013","IDTer":"RS","nTer":"РЕПУБЛИКА СРБИЈА","IDKD08":"L","nkd08":"L - Пoсловање некретнинама","vrednost":"1016"},{"idindikator":"190104IND04","mes":"00","god":"2014","IDTer":"RS","nTer":"РЕПУБЛИКА СРБИЈА","IDKD08":"L","nkd08":"L - Пoсловање некретнинама","vrednost":"1041"},{"idindikator":"190104IND04","mes":"00","god":"2015","IDTer":"RS","nTer":"РЕПУБЛИКА СРБИЈА","IDKD08":"L","nkd08":"L - Пoсловање некретнинама","vrednost":"995"},{"idindikator":"190104IND04","mes":"00","god":"2016","IDTer":"RS","nTer":"РЕПУБЛИКА СРБИЈА","IDKD08":"L","nkd08":"L - Пoсловање некретнинама","vrednost":"993"},{"idindikator":"190104IND04","mes":"00","god":"2017","IDTer":"RS","nTer":"РЕПУБЛИКА СРБИЈА","IDKD08":"L","nkd08":"L - Пoсловање некретнинама","vrednost":"1062"},{"idindikator":"190104IND04","mes":"00","god":"2018","IDTer":"RS","nTer":"РЕПУБЛИКА СРБИЈА","IDKD08":"L","nkd08":"L - Пoсловање некретнинама","vrednost":"1080"},{"idindikator":"190104IND04","mes":"00","god":"2007","IDTer":"RS","nTer":"РЕПУБЛИКА СРБИЈА","IDKD08":"M","nkd08":"M - Стручне, научне и техничке делатности","vrednost":"759"},{"idindikator":"190104IND04","mes":"00","god":"2008","IDTer":"RS","nTer":"РЕПУБЛИКА СРБИЈА","IDKD08":"M","nkd08":"M - Стручне, научне и техничке делатности","vrednost":"837"},{"idindikator":"190104IND04","mes":"00","god":"2009","IDTer":"RS","nTer":"РЕПУБЛИКА СРБИЈА","IDKD08":"M","nkd08":"M - Стручне, научне и техничке делатности","vrednost":"835"},{"idindikator":"190104IND04","mes":"00","god":"2010","IDTer":"RS","nTer":"РЕПУБЛИКА СРБИЈА","IDKD08":"M","nkd08":"M - Стручне, научне и техничке делатности","vrednost":"908"},{"idindikator":"190104IND04","mes":"00","god":"2011","IDTer":"RS","nTer":"РЕПУБЛИКА СРБИЈА","IDKD08":"M","nkd08":"M - Стручне, научне и техничке делатности","vrednost":"964"},{"idindikator":"190104IND04","mes":"00","god":"2012","IDTer":"RS","nTer":"РЕПУБЛИКА СРБИЈА","IDKD08":"M","nkd08":"M - Стручне, научне и техничке делатности","vrednost":"1088"},{"idindikator":"190104IND04","mes":"00","god":"2013","IDTer":"RS","nTer":"РЕПУБЛИКА СРБИЈА","IDKD08":"M","nkd08":"M - Стручне, научне и техничке делатности","vrednost":"1150"},{"idindikator":"190104IND04","mes":"00","god":"2014","IDTer":"RS","nTer":"РЕПУБЛИКА СРБИЈА","IDKD08":"M","nkd08":"M - Стручне, научне и техничке делатности","vrednost":"1199"},{"idindikator":"190104IND04","mes":"00","god":"2015","IDTer":"RS","nTer":"РЕПУБЛИКА СРБИЈА","IDKD08":"M","nkd08":"M - Стручне, научне и техничке делатности","vrednost":"1228"},{"idindikator":"190104IND04","mes":"00","god":"2016","IDTer":"RS","nTer":"РЕПУБЛИКА СРБИЈА","IDKD08":"M","nkd08":"M - Стручне, научне и техничке делатности","vrednost":"1264"},{"idindikator":"190104IND04","mes":"00","god":"2017","IDTer":"RS","nTer":"РЕПУБЛИКА СРБИЈА","IDKD08":"M","nkd08":"M - Стручне, научне и техничке делатности","vrednost":"1325"},{"idindikator":"190104IND04","mes":"00","god":"2018","IDTer":"RS","nTer":"РЕПУБЛИКА СРБИЈА","IDKD08":"M","nkd08":"M - Стручне, научне и техничке делатности","vrednost":"1431"},{"idindikator":"190104IND04","mes":"00","god":"2007","IDTer":"RS","nTer":"РЕПУБЛИКА СРБИЈА","IDKD08":"N","nkd08":"N - Административне и помоћне услужне делатности","vrednost":"435"},{"idindikator":"190104IND04","mes":"00","god":"2008","IDTer":"RS","nTer":"РЕПУБЛИКА СРБИЈА","IDKD08":"N","nkd08":"N - Административне и помоћне услужне делатности","vrednost":"488"},{"idindikator":"190104IND04","mes":"00","god":"2009","IDTer":"RS","nTer":"РЕПУБЛИКА СРБИЈА","IDKD08":"N","nkd08":"N - Административне и помоћне услужне делатности","vrednost":"493"},{"idindikator":"190104IND04","mes":"00","god":"2010","IDTer":"RS","nTer":"РЕПУБЛИКА СРБИЈА","IDKD08":"N","nkd08":"N - Административне и помоћне услужне делатности","vrednost":"535"},{"idindikator":"190104IND04","mes":"00","god":"2011","IDTer":"RS","nTer":"РЕПУБЛИКА СРБИЈА","IDKD08":"N","nkd08":"N - Административне и помоћне услужне делатности","vrednost":"592"},{"idindikator":"190104IND04","mes":"00","god":"2012","IDTer":"RS","nTer":"РЕПУБЛИКА СРБИЈА","IDKD08":"N","nkd08":"N - Административне и помоћне услужне делатности","vrednost":"637"},{"idindikator":"190104IND04","mes":"00","god":"2013","IDTer":"RS","nTer":"РЕПУБЛИКА СРБИЈА","IDKD08":"N","nkd08":"N - Административне и помоћне услужне делатности","vrednost":"684"},{"idindikator":"190104IND04","mes":"00","god":"2014","IDTer":"RS","nTer":"РЕПУБЛИКА СРБИЈА","IDKD08":"N","nkd08":"N - Административне и помоћне услужне делатности","vrednost":"687"},{"idindikator":"190104IND04","mes":"00","god":"2015","IDTer":"RS","nTer":"РЕПУБЛИКА СРБИЈА","IDKD08":"N","nkd08":"N - Административне и помоћне услужне делатности","vrednost":"711"},{"idindikator":"190104IND04","mes":"00","god":"2016","IDTer":"RS","nTer":"РЕПУБЛИКА СРБИЈА","IDKD08":"N","nkd08":"N - Административне и помоћне услужне делатности","vrednost":"731"},{"idindikator":"190104IND04","mes":"00","god":"2017","IDTer":"RS","nTer":"РЕПУБЛИКА СРБИЈА","IDKD08":"N","nkd08":"N - Административне и помоћне услужне делатности","vrednost":"820"},{"idindikator":"190104IND04","mes":"00","god":"2018","IDTer":"RS","nTer":"РЕПУБЛИКА СРБИЈА","IDKD08":"N","nkd08":"N - Административне и помоћне услужне делатности","vrednost":"877"},{"idindikator":"190104IND04","mes":"00","god":"2017","IDTer":"RS","nTer":"РЕПУБЛИКА СРБИЈА","IDKD08":"S","nkd08":"S - Остале услужне делатности","vrednost":"730"},{"idindikator":"190104IND04","mes":"00","god":"2018","IDTer":"RS","nTer":"РЕПУБЛИКА СРБИЈА","IDKD08":"S","nkd08":"S - Остале услужне делатности","vrednost":"782"}]