MatchID,Blue_Team,Purp_Team,Blue_Tower,Blue_Inhib,Blue_Baron,Blue_Dragon,Purp_Tower,Purp_Inhib,Purp_Baron,Purp_Dragon,Blue_Kills,Blue_Assists,Blue_Gold,Purp_Kills,Purp_Assists,Purp_Gold,Blue_BookOdds,Purp_BookOdds,Blue_ModelOdds,Purp_ModelOdds
104841804589413363,PSG Talon,Rainbow7 ,0,0,0,0,0,0,0,0,0,0,2663,0,0,2563,1.5,2.31,1.8,1.93
104841804589413363,PSG Talon,Rainbow7 ,0,0,0,0,0,0,0,0,0,0,2869,0,0,2834,1.5,2.31,1.83,1.89
104841804589413363,PSG Talon,Rainbow7 ,0,0,0,0,0,0,0,0,0,0,3110,0,0,2970,1.5,2.31,1.78,1.95
104841804589413363,PSG Talon,Rainbow7 ,0,0,0,0,0,0,0,0,0,0,3393,0,0,3349,1.5,2.31,1.82,1.9
104841804589413363,PSG Talon,Rainbow7 ,0,0,0,0,0,0,0,0,0,0,3584,0,0,3611,1.5,2.31,1.86,1.86
104841804589413363,PSG Talon,Rainbow7 ,0,0,0,0,0,0,0,0,0,0,3787,0,0,3760,1.5,2.31,1.83,1.89
104841804589413363,PSG Talon,Rainbow7 ,0,0,0,0,0,0,0,0,0,0,3787,0,0,3760,1.47,2.38,1.83,1.89
104841804589413363,PSG Talon,Rainbow7 ,0,0,0,0,0,0,0,0,0,0,4066,0,0,4117,1.47,2.38,1.87,1.85
104841804589413363,PSG Talon,Rainbow7 ,0,0,0,0,0,0,0,0,0,0,4309,0,0,4375,1.47,2.38,1.88,1.84
104841804589413363,PSG Talon,Rainbow7 ,0,0,0,0,0,0,0,0,0,0,4587,0,0,4767,1.47,2.38,1.95,1.78
104841804589413363,PSG Talon,Rainbow7 ,0,0,0,0,0,0,0,0,0,0,4930,0,0,5091,1.47,2.38,1.93,1.79
104841804589413363,PSG Talon,Rainbow7 ,0,0,0,0,0,0,0,0,0,0,5086,0,0,5330,1.47,2.38,1.98,1.75
104841804589413363,PSG Talon,Rainbow7 ,0,0,0,0,0,0,0,0,0,0,5302,0,0,5525,1.47,2.38,1.97,1.76
104841804589413363,PSG Talon,Rainbow7 ,0,0,0,0,0,0,0,0,0,0,5450,0,0,5684,1.47,2.38,1.98,1.76
104841804589413363,PSG Talon,Rainbow7 ,0,0,0,0,0,0,0,0,0,0,5648,0,0,6001,1.47,2.38,2.05,1.7
104841804589413363,PSG Talon,Rainbow7 ,0,0,0,0,0,0,0,0,0,0,6641,0,0,6965,1.6,2.11,2.03,1.71
104841804589413363,PSG Talon,Rainbow7 ,0,0,0,0,0,0,0,0,0,0,6850,0,0,7178,1.6,2.11,2.03,1.71
104841804589413363,PSG Talon,Rainbow7 ,0,0,0,0,0,0,0,0,0,0,7145,0,0,7341,1.6,2.11,1.95,1.77
104841804589413363,PSG Talon,Rainbow7 ,0,0,0,0,0,0,0,0,0,0,7359,0,0,7578,1.65,2.02,1.97,1.76
104841804589413363,PSG Talon,Rainbow7 ,0,0,0,0,0,0,0,0,0,0,7545,0,0,7826,1.65,2.02,2.01,1.73
104841804589413363,PSG Talon,Rainbow7 ,0,0,0,0,0,0,0,0,0,0,7835,0,0,8012,1.65,2.02,1.94,1.78
104841804589413363,PSG Talon,Rainbow7 ,0,0,0,0,0,0,0,0,0,0,8037,0,0,8336,1.65,2.02,2.02,1.73
104841804589413363,PSG Talon,Rainbow7 ,0,0,0,0,0,0,0,0,2,5,10510,0,0,9842,1.38,2.66,1.43,2.65
104841804589413363,PSG Talon,Rainbow7 ,0,0,0,0,0,0,0,0,2,5,10759,0,0,10030,1.38,2.66,1.41,2.71
104841804589413363,PSG Talon,Rainbow7 ,0,0,0,0,0,0,0,0,2,5,10961,0,0,10317,1.3,3.02,1.44,2.63
104841804589413363,PSG Talon,Rainbow7 ,0,0,0,0,0,0,0,0,2,5,11095,1,2,11055,1.3,3.02,1.7,2.05
104841804589413363,PSG Talon,Rainbow7 ,0,0,0,0,0,0,0,0,3,6,12498,2,4,12518,1.47,2.38,1.79,1.93
104841804589413363,PSG Talon,Rainbow7 ,0,0,0,0,0,0,0,0,3,6,12498,2,4,12518,1.43,2.5,1.79,1.93
104841804589413363,PSG Talon,Rainbow7 ,0,0,0,0,0,0,0,0,3,6,12632,2,4,12766,1.43,2.5,1.85,1.87
104841804589413363,PSG Talon,Rainbow7 ,0,0,0,0,0,0,0,0,3,6,12922,2,4,12927,1.43,2.5,1.79,1.94
104841804589413363,PSG Talon,Rainbow7 ,0,0,0,0,0,0,0,0,3,6,13199,2,4,13199,1.43,2.5,1.78,1.94
104841804589413363,PSG Talon,Rainbow7 ,0,0,0,0,0,0,0,0,3,6,13538,2,4,13466,1.43,2.5,1.75,1.99
104841804589413363,PSG Talon,Rainbow7 ,0,0,0,0,0,0,0,0,3,6,14321,2,4,14369,1.43,2.5,1.81,1.92
104841804589413363,PSG Talon,Rainbow7 ,0,0,0,0,0,0,0,0,3,6,14626,2,4,14665,1.43,2.5,1.8,1.92
104841804589413363,PSG Talon,Rainbow7 ,0,0,0,0,0,0,0,0,4,7,15709,2,4,15829,1.33,2.87,1.85,1.87
104841804589413363,PSG Talon,Rainbow7 ,0,0,0,0,0,0,0,0,4,7,15877,2,4,16115,1.33,2.87,1.91,1.81
104841804589413363,PSG Talon,Rainbow7 ,0,0,0,0,0,0,0,0,4,7,15877,2,4,16115,1.38,2.66,1.91,1.81
104841804589413363,PSG Talon,Rainbow7 ,0,0,0,0,0,0,0,0,4,7,16195,2,4,16237,1.38,2.66,1.81,1.91
104841804589413363,PSG Talon,Rainbow7 ,0,0,0,0,0,0,0,0,4,7,16312,2,4,16525,1.43,2.5,1.9,1.82
104841804589413363,PSG Talon,Rainbow7 ,0,0,0,0,0,0,0,1,5,10,19244,2,4,18521,1.38,2.66,1.48,2.5
104841804589413363,PSG Talon,Rainbow7 ,0,0,0,0,0,0,0,1,5,10,19492,2,4,18841,1.38,2.66,1.51,2.43
104841804589413363,PSG Talon,Rainbow7 ,0,0,0,0,0,0,0,1,5,10,19916,2,4,19204,1.38,2.66,1.49,2.49
104841804589413363,PSG Talon,Rainbow7 ,0,0,0,0,0,0,0,1,5,10,20203,2,4,19432,1.38,2.66,1.47,2.54
104841804589413363,PSG Talon,Rainbow7 ,0,0,0,0,0,0,0,1,5,10,20435,2,4,19779,1.38,2.66,1.5,2.44
104841804589413363,PSG Talon,Rainbow7 ,0,0,0,0,0,0,0,1,5,10,20649,2,4,19942,1.38,2.66,1.49,2.48
104841804589413363,PSG Talon,Rainbow7 ,0,0,0,0,0,0,0,1,5,10,20973,2,4,20225,1.38,2.66,1.47,2.52
104841804589413363,PSG Talon,Rainbow7 ,0,0,0,0,0,0,0,1,5,10,21189,2,4,20500,1.38,2.66,1.49,2.47
104841804589413363,PSG Talon,Rainbow7 ,0,0,0,0,0,0,0,1,7,16,22764,2,4,21506,1.22,3.6,1.23,3.8
104841804589413363,PSG Talon,Rainbow7 ,0,0,0,0,0,0,0,1,7,16,23327,2,4,21794,1.22,3.6,1.19,4.29
104841804589413363,PSG Talon,Rainbow7 ,0,0,0,0,0,0,0,1,7,16,23685,2,4,21987,1.22,3.6,1.16,4.62
104841804589413363,PSG Talon,Rainbow7 ,0,0,0,0,0,0,0,1,7,16,23893,2,4,22338,1.22,3.6,1.18,4.33
104841804589413363,PSG Talon,Rainbow7 ,0,0,0,0,0,0,0,1,7,16,24111,2,4,22732,1.22,3.6,1.21,4.01
104841804589413363,PSG Talon,Rainbow7 ,0,0,0,0,0,0,0,1,7,16,24111,2,4,22732,1.15,4.3,1.21,4.01
104841804589413363,PSG Talon,Rainbow7 ,0,0,0,0,0,0,0,1,7,16,24476,2,4,22924,1.15,4.3,1.18,4.32
104841804589413363,PSG Talon,Rainbow7 ,0,0,0,0,0,0,0,1,7,16,24756,2,4,23031,1.15,4.3,1.16,4.67
104841804589413363,PSG Talon,Rainbow7 ,0,0,0,0,0,0,0,1,7,16,24756,2,4,23031,1.13,4.7,1.16,4.67
104841804589413363,PSG Talon,Rainbow7 ,0,0,0,0,0,0,0,1,7,16,25058,2,4,23140,1.13,4.7,1.14,5.11
104841804589413363,PSG Talon,Rainbow7 ,0,0,0,0,0,0,0,1,7,16,25254,2,4,23399,1.13,4.7,1.14,4.96
104841804589413363,PSG Talon,Rainbow7 ,0,0,0,0,0,0,0,1,7,16,25468,2,4,23697,1.13,4.7,1.15,4.77
104841804589413363,PSG Talon,Rainbow7 ,0,0,0,0,0,0,0,1,7,16,25641,2,4,24290,1.13,4.7,1.22,3.96
104841804589413363,PSG Talon,Rainbow7 ,0,0,0,0,0,0,0,1,7,16,26048,2,4,24424,1.13,4.7,1.17,4.47
104841804589413363,PSG Talon,Rainbow7 ,0,0,0,0,0,0,0,1,7,16,26200,2,4,24599,1.13,4.7,1.18,4.42
104841804589413363,PSG Talon,Rainbow7 ,0,0,0,0,0,0,0,1,7,16,26402,2,4,24878,1.13,4.7,1.19,4.27
104841804589413363,PSG Talon,Rainbow7 ,0,0,0,0,0,0,0,1,7,16,26751,2,4,25559,1.1,5.2,1.24,3.7
104841804589413363,PSG Talon,Rainbow7 ,0,0,0,0,0,0,0,1,7,16,27006,2,4,25970,1.1,5.2,1.27,3.46
104841804589413363,PSG Talon,Rainbow7 ,0,0,0,1,0,0,0,1,7,16,27215,2,4,26201,1.1,5.2,1.24,3.75
104841804589413363,PSG Talon,Rainbow7 ,0,0,0,1,0,0,0,1,7,16,27312,2,4,26535,1.1,5.2,1.28,3.39
104841804589413363,PSG Talon,Rainbow7 ,0,0,0,1,0,0,0,1,7,16,27312,2,4,26535,1.09,5.5,1.28,3.39
104841804589413363,PSG Talon,Rainbow7 ,0,0,0,1,0,0,0,1,8,18,28098,2,4,26865,1.09,5.5,1.18,4.36
104841804589413363,PSG Talon,Rainbow7 ,1,0,0,1,1,0,0,1,8,18,30436,2,4,29274,1.1,5.2,1.19,4.22
104841804589413363,PSG Talon,Rainbow7 ,1,0,0,1,1,0,0,1,8,18,30886,2,4,29386,1.1,5.2,1.15,4.92
104841804589413363,PSG Talon,Rainbow7 ,1,0,0,1,1,0,0,1,8,18,31134,2,4,29537,1.1,5.2,1.14,5.15
104841804589413363,PSG Talon,Rainbow7 ,1,0,0,1,1,0,0,1,8,18,31434,2,4,29776,1.1,5.2,1.13,5.3
104841804589413363,PSG Talon,Rainbow7 ,1,0,0,1,1,0,0,1,8,18,31628,2,4,30298,1.1,5.2,1.17,4.55
104841804589413363,PSG Talon,Rainbow7 ,1,0,0,1,1,0,0,1,8,18,31628,2,4,30298,1.13,4.7,1.17,4.55
104841804589413363,PSG Talon,Rainbow7 ,2,0,0,1,1,0,0,1,8,18,32296,2,4,30421,1.13,4.7,1.05,8.05
104841804589413363,PSG Talon,Rainbow7 ,2,0,0,1,1,0,0,1,8,18,32558,2,4,30574,1.13,4.7,1.04,8.5
104841804589413363,PSG Talon,Rainbow7 ,2,0,0,1,1,0,0,1,8,18,32558,2,4,30574,1.09,5.5,1.04,8.5
104841804589413363,PSG Talon,Rainbow7 ,2,0,0,1,1,0,0,1,8,18,32843,2,4,30995,1.09,5.5,1.05,7.94
104841804589413363,PSG Talon,Rainbow7 ,2,0,0,1,1,0,0,1,8,18,32843,2,4,30995,1.08,5.7,1.05,7.94
104841804589413363,PSG Talon,Rainbow7 ,2,0,0,1,1,0,0,1,8,18,33066,2,4,31188,1.08,5.7,1.05,8.06
104841804589413363,PSG Talon,Rainbow7 ,2,0,0,1,1,0,0,1,9,21,34480,2,4,31696,1.08,5.7,1.0,14.8
104841804589413363,PSG Talon,Rainbow7 ,2,0,0,1,1,0,0,1,9,21,34759,2,4,32005,1.08,5.7,1.0,14.57
104841804589413363,PSG Talon,Rainbow7 ,3,0,0,1,1,0,0,1,9,21,35469,2,4,32163,1.08,5.7,1.0,27.82
104841804589413363,PSG Talon,Rainbow7 ,3,0,0,1,1,0,0,1,9,21,35469,2,4,32163,1.04,7.2,1.0,27.82
104841804589413363,PSG Talon,Rainbow7 ,3,0,0,1,1,0,0,1,9,21,35988,2,4,32400,1.03,7.7,1.0,32.49
104841804589413363,PSG Talon,Rainbow7 ,3,0,0,1,1,0,0,1,9,21,36320,2,4,32756,1.03,7.7,1.0,32.06
104841804589413363,PSG Talon,Rainbow7 ,3,0,0,1,1,0,0,1,9,21,36511,2,4,33129,1.03,7.7,1.0,29.01
104841804589413363,PSG Talon,Rainbow7 ,3,0,0,1,1,0,0,1,9,21,36709,2,4,33341,1.03,7.7,1.0,28.78
104841804589413363,PSG Talon,Rainbow7 ,3,0,0,1,1,0,0,1,9,21,37231,2,4,33655,1.03,7.7,1.0,32.27
104841804589413363,PSG Talon,Rainbow7 ,3,0,0,1,1,0,0,1,9,21,37366,2,4,34138,1.03,7.7,1.0,26.66
104841804589413363,PSG Talon,Rainbow7 ,3,0,0,1,1,0,0,1,9,21,37609,2,4,34404,1.03,7.7,1.0,26.32
104841804589413363,PSG Talon,Rainbow7 ,3,0,0,1,2,0,0,1,9,21,37773,2,4,35126,1.03,7.7,1.0,13.76
104841804589413363,PSG Talon,Rainbow7 ,3,0,0,2,2,0,0,1,9,21,37945,2,4,35239,1.02,8.4,1.0,15.88
104841804589413363,PSG Talon,Rainbow7 ,3,0,0,2,2,0,0,1,9,21,38091,2,4,35352,1.02,8.4,1.0,16.17
104841804589413347,Legacy Esports,INTZ,3,0,0,1,1,0,0,3,6,10,42688,5,13,37601,1.47,2.38,1.0,20.97
104841804589413347,Legacy Esports,INTZ,3,0,0,1,1,0,0,3,6,10,42959,5,13,37813,1.47,2.38,1.0,21.65
104841804589413347,Legacy Esports,INTZ,3,0,0,1,1,0,0,3,7,11,43878,5,13,38419,1.43,2.5,1.0,25.5
104841804589413347,Legacy Esports,INTZ,3,0,0,1,1,0,0,3,7,11,44182,5,13,38600,1.43,2.5,1.0,27.28
104841804589413347,Legacy Esports,INTZ,3,0,0,1,1,0,0,3,7,11,44182,5,13,38600,1.55,2.2,1.0,27.28
104841804589413347,Legacy Esports,INTZ,3,0,0,1,1,0,0,3,7,11,44716,5,13,38785,1.47,2.38,1.0,33.05
104841804589413347,Legacy Esports,INTZ,4,0,0,1,1,0,0,3,7,11,45407,5,13,38919,1.43,2.5,1.0,64.45
104841804589413347,Legacy Esports,INTZ,4,0,0,1,1,0,0,3,7,11,45621,5,13,39200,1.43,2.5,1.0,62.08
104841804589413347,Legacy Esports,INTZ,4,0,0,1,1,0,0,3,7,11,45835,5,13,39482,1.43,2.5,1.0,59.76
104841804589413347,Legacy Esports,INTZ,4,0,0,1,1,0,0,3,7,11,46507,5,13,39664,1.43,2.5,1.0,78.63
104841804589413347,Legacy Esports,INTZ,4,0,0,1,1,0,0,3,7,11,46681,5,13,40133,1.43,2.5,1.0,66.65
104841804589413347,Legacy Esports,INTZ,4,0,0,1,1,0,0,3,7,11,46845,5,13,40562,1.43,2.5,1.0,57.47
104841804589413347,Legacy Esports,INTZ,4,0,0,1,1,0,0,3,7,11,47041,5,13,40877,1.43,2.5,1.0,53.78
104841804589413347,Legacy Esports,INTZ,4,0,0,1,1,0,0,3,7,11,47041,5,13,40877,1.38,2.66,1.0,53.78
104841804589413347,Legacy Esports,INTZ,4,0,0,1,1,0,0,3,7,11,47192,5,13,41189,1.43,2.5,1.0,49.17
104841804589413347,Legacy Esports,INTZ,4,0,0,1,1,0,0,3,7,11,47547,5,13,41368,1.43,2.5,1.0,54.23
104841804589413347,Legacy Esports,INTZ,4,0,0,1,1,0,0,3,7,11,47940,5,13,41685,1.43,2.5,1.0,56.58
104841804589413347,Legacy Esports,INTZ,4,0,0,1,1,0,0,3,7,11,48076,5,13,41944,1.43,2.5,1.0,52.83
104841804589413347,Legacy Esports,INTZ,4,0,0,1,1,0,0,3,7,11,48322,5,13,42228,1.43,2.5,1.0,51.72
104841804589413347,Legacy Esports,INTZ,4,0,0,1,1,0,0,3,7,11,48322,5,13,42228,1.38,2.66,1.0,51.72
104841804589413347,Legacy Esports,INTZ,4,0,0,1,1,0,0,3,7,11,48775,5,13,42528,1.38,2.66,1.0,56.33
104841804589413347,Legacy Esports,INTZ,4,0,0,1,1,0,0,3,7,11,49206,5,13,42682,1.38,2.66,1.0,65.76
104841804589413347,Legacy Esports,INTZ,4,0,0,1,1,0,0,3,7,11,49441,5,13,43063,1.38,2.66,1.0,60.61
104841804589413347,Legacy Esports,INTZ,4,0,0,1,1,0,0,3,7,11,49441,5,13,43063,1.43,2.5,1.0,60.61
104841804589413347,Legacy Esports,INTZ,4,0,0,1,1,0,0,3,7,11,49915,5,13,43349,1.43,2.5,1.0,67.32
104841804589413347,Legacy Esports,INTZ,4,0,0,1,1,0,0,3,7,11,50071,5,13,43545,1.43,2.5,1.0,65.83
104841804589413347,Legacy Esports,INTZ,4,0,0,1,1,0,0,3,7,11,50648,6,15,44729,1.6,2.11,1.0,43.72
104841804589413347,Legacy Esports,INTZ,4,0,0,1,1,0,0,3,7,11,50947,6,15,44904,1.6,2.11,1.0,46.84
104841804589413347,Legacy Esports,INTZ,5,1,1,1,1,0,0,4,8,12,55981,9,26,49617,2.66,1.38,1.0,65.06
104841804589413347,Legacy Esports,INTZ,5,1,1,1,1,0,0,4,8,12,56105,9,26,50096,2.66,1.38,1.0,53.36
104841804589413347,Legacy Esports,INTZ,5,1,1,1,1,0,0,4,8,12,56105,9,26,50096,2.5,1.43,1.0,53.36
104841804589413347,Legacy Esports,INTZ,5,1,1,1,1,0,0,4,8,12,56235,9,26,50354,2.5,1.43,1.0,49.69
104841804589413347,Legacy Esports,INTZ,5,1,1,1,1,0,0,4,8,12,56612,9,26,50652,2.5,1.43,1.0,51.92
104841804589413347,Legacy Esports,INTZ,7,1,1,1,2,0,0,4,8,12,60914,13,42,56586,4.0,1.18,1.0,12.51
104841804589413347,Legacy Esports,INTZ,7,1,1,1,2,0,0,4,8,12,61125,13,42,56824,4.0,1.18,1.01,12.33
104841804589413347,Legacy Esports,INTZ,7,1,1,1,2,0,0,4,8,12,61234,13,42,57087,4.0,1.18,1.01,11.38
104841804589413347,Legacy Esports,INTZ,7,1,1,1,2,0,0,4,8,12,61234,13,42,57087,3.8,1.2,1.01,11.38
104841804589413347,Legacy Esports,INTZ,7,1,1,1,2,0,0,4,8,12,61411,13,42,57377,3.8,1.2,1.02,10.73
104841804589413347,Legacy Esports,INTZ,7,1,1,1,2,0,0,4,8,12,61635,13,42,57559,3.8,1.2,1.02,10.96
104841804589413347,Legacy Esports,INTZ,7,1,1,1,2,0,0,4,8,12,61635,13,42,57559,3.6,1.22,1.02,10.96
104841804589413347,Legacy Esports,INTZ,7,1,1,1,2,0,0,4,8,12,61739,13,42,57874,3.6,1.22,1.03,9.83
104841804589413341,Papara SuperMassive,MAD Lions,0,0,0,0,0,0,0,0,0,0,2500,0,0,2500,2.38,1.47,1.85,1.87
104841804589413341,Papara SuperMassive,MAD Lions,0,0,0,0,0,0,0,0,0,0,2500,0,0,2500,2.5,1.43,1.85,1.87
104841804589413341,Papara SuperMassive,MAD Lions,0,0,0,0,0,0,0,0,0,0,2510,0,0,2500,2.38,1.47,1.84,1.88
104841804589413341,Papara SuperMassive,MAD Lions,0,0,0,0,0,0,0,0,0,0,2645,0,0,2521,2.38,1.47,1.78,1.94
104841804589413341,Papara SuperMassive,MAD Lions,0,0,0,0,0,0,0,0,0,0,2891,0,0,2853,2.38,1.47,1.83,1.89
104841804589413341,Papara SuperMassive,MAD Lions,0,0,0,0,0,0,0,0,0,0,3088,0,0,3004,2.38,1.47,1.8,1.92
104841804589413341,Papara SuperMassive,MAD Lions,0,0,0,0,0,0,0,0,0,0,3319,0,0,3172,2.38,1.47,1.77,1.96
104841804589413341,Papara SuperMassive,MAD Lions,0,0,0,0,0,0,0,0,0,0,3319,0,0,3172,2.2,1.55,1.77,1.96
104841804589413341,Papara SuperMassive,MAD Lions,0,0,0,0,0,0,0,0,0,0,3519,0,0,3372,2.2,1.55,1.77,1.96
104841804589413341,Papara SuperMassive,MAD Lions,0,0,0,0,0,0,0,0,0,0,3790,0,0,3627,2.2,1.55,1.77,1.96
104841804589413341,Papara SuperMassive,MAD Lions,0,0,0,0,0,0,0,0,0,0,4015,0,0,3921,2.2,1.55,1.8,1.92
104841804589413341,Papara SuperMassive,MAD Lions,0,0,0,0,0,0,0,0,0,0,4480,0,0,4180,2.2,1.55,1.7,2.05
104841804589413341,Papara SuperMassive,MAD Lions,0,0,0,0,0,0,0,0,0,0,4730,0,0,4598,2.2,1.55,1.78,1.95
104841804589413341,Papara SuperMassive,MAD Lions,0,0,0,0,0,0,0,0,0,0,4972,0,0,4865,2.2,1.55,1.79,1.93
104841804589413341,Papara SuperMassive,MAD Lions,0,0,0,0,0,0,0,0,0,0,5206,0,0,5141,2.2,1.55,1.81,1.91
104841804589413341,Papara SuperMassive,MAD Lions,0,0,0,0,0,0,0,0,0,0,5351,0,0,5395,2.2,1.55,1.87,1.85
104841804589413341,Papara SuperMassive,MAD Lions,0,0,0,0,0,0,0,0,0,0,5580,0,0,5604,2.2,1.55,1.86,1.86
104841804589413341,Papara SuperMassive,MAD Lions,0,0,0,0,0,0,0,0,0,0,5834,0,0,5809,2.2,1.55,1.83,1.89
104841804589413341,Papara SuperMassive,MAD Lions,0,0,0,0,0,0,0,0,0,0,8638,0,0,8559,2.31,1.5,1.81,1.92
104841804589413341,Papara SuperMassive,MAD Lions,0,0,0,0,0,0,0,0,0,0,8842,0,0,8811,2.31,1.5,1.83,1.89
104841804589413341,Papara SuperMassive,MAD Lions,0,0,0,0,0,0,0,0,0,0,9127,0,0,8932,2.31,1.5,1.75,1.98
104841804589413341,Papara SuperMassive,MAD Lions,0,0,0,0,0,0,0,0,0,0,9361,0,0,9235,2.31,1.5,1.78,1.94
104841804589413341,Papara SuperMassive,MAD Lions,0,0,0,0,0,0,0,0,0,0,9562,0,0,9483,2.31,1.5,1.81,1.92
104841804589413341,Papara SuperMassive,MAD Lions,0,0,0,0,0,0,0,0,0,0,9562,0,0,9483,2.5,1.43,1.81,1.92
104841804589413341,Papara SuperMassive,MAD Lions,0,0,0,0,0,0,0,0,0,0,9823,0,0,9644,2.5,1.43,1.76,1.97
104841804589413341,Papara SuperMassive,MAD Lions,0,0,0,0,0,0,0,0,0,0,10046,0,0,9884,2.5,1.43,1.77,1.96
104841804589413341,Papara SuperMassive,MAD Lions,0,0,0,0,0,0,0,0,0,0,10179,0,0,10035,2.5,1.43,1.78,1.95
104841804589413341,Papara SuperMassive,MAD Lions,0,0,0,0,0,0,0,0,0,0,10817,0,0,10881,2.5,1.43,1.88,1.84
104841804589413341,Papara SuperMassive,MAD Lions,0,0,0,0,0,0,0,0,0,0,11201,0,0,11230,2.5,1.43,1.86,1.86
104841804589413341,Papara SuperMassive,MAD Lions,0,0,0,0,0,0,0,0,0,0,11411,0,0,11458,2.5,1.43,1.87,1.85
104841804589413341,Papara SuperMassive,MAD Lions,0,0,0,0,0,0,0,0,0,0,11754,0,0,11808,2.5,1.43,1.88,1.84
104841804589413341,Papara SuperMassive,MAD Lions,0,0,0,0,0,0,0,0,0,0,11936,0,0,11977,2.5,1.43,1.87,1.85
104841804589413341,Papara SuperMassive,MAD Lions,0,0,0,0,0,0,0,0,0,0,11936,0,0,11977,2.66,1.38,1.87,1.85
104841804589413341,Papara SuperMassive,MAD Lions,0,0,0,0,0,0,0,0,1,1,14126,1,1,14523,2.31,1.5,2.08,1.68
104841804589413341,Papara SuperMassive,MAD Lions,0,0,0,0,0,0,0,0,1,1,14438,1,1,14773,2.31,1.5,2.04,1.71
104841804589413341,Papara SuperMassive,MAD Lions,0,0,0,0,0,0,0,0,1,1,14711,1,1,15013,2.31,1.5,2.02,1.72
104841804589413341,Papara SuperMassive,MAD Lions,0,0,0,0,0,0,0,0,1,1,14926,1,1,15190,2.31,1.5,2.0,1.74
104841804589413341,Papara SuperMassive,MAD Lions,0,0,0,0,0,0,0,0,1,1,14926,1,1,15190,2.5,1.43,2.0,1.74
104841804589413341,Papara SuperMassive,MAD Lions,0,0,0,0,0,0,0,0,1,1,15129,1,1,15424,2.5,1.43,2.01,1.73
104841804589413341,Papara SuperMassive,MAD Lions,0,0,0,0,0,0,0,0,1,1,15331,1,1,15846,2.5,1.43,2.16,1.63
104841804589413341,Papara SuperMassive,MAD Lions,0,0,0,0,0,0,0,0,1,1,15639,1,1,16031,2.5,1.43,2.08,1.69
104841804589413341,Papara SuperMassive,MAD Lions,0,0,0,0,0,0,0,0,1,1,15880,1,1,16249,2.5,1.43,2.06,1.69
104841804589413341,Papara SuperMassive,MAD Lions,0,0,0,0,0,0,0,0,1,1,16162,1,1,16741,2.5,1.43,2.2,1.61
104841804589413341,Papara SuperMassive,MAD Lions,0,0,0,0,0,0,0,0,1,1,16289,1,1,16998,2.5,1.43,2.3,1.56
104841804589413341,Papara SuperMassive,MAD Lions,0,0,0,0,0,0,0,0,1,1,16490,1,1,17260,2.5,1.43,2.35,1.54
104841804589413341,Papara SuperMassive,MAD Lions,0,0,0,0,0,0,0,0,3,6,19696,1,1,19980,1.84,1.8,1.79,1.93
104841804589413341,Papara SuperMassive,MAD Lions,0,0,0,0,0,0,0,0,3,6,20016,1,1,20146,1.84,1.8,1.72,2.03
104841804589413341,Papara SuperMassive,MAD Lions,1,0,0,0,0,0,0,0,3,6,22151,1,1,21222,1.8,1.84,1.23,3.81
104841804589413341,Papara SuperMassive,MAD Lions,1,0,0,0,0,0,0,0,3,6,22352,1,1,21518,1.8,1.84,1.25,3.66
104841804589413341,Papara SuperMassive,MAD Lions,1,0,0,0,0,0,0,0,3,6,22714,1,1,21758,1.82,1.82,1.23,3.85
104841804589413341,Papara SuperMassive,MAD Lions,1,0,0,1,0,0,0,0,4,8,25418,2,3,24344,1.6,2.11,1.18,4.45
104841804589413341,Papara SuperMassive,MAD Lions,1,0,0,1,0,0,0,0,4,8,25717,2,3,24634,1.6,2.11,1.17,4.47
104841804589413341,Papara SuperMassive,MAD Lions,1,0,0,1,0,0,0,0,4,8,25920,2,3,24788,1.6,2.11,1.17,4.57
104841804589413341,Papara SuperMassive,MAD Lions,1,0,0,1,0,0,0,0,4,8,26388,2,3,25108,1.6,2.11,1.15,4.89
104841804589413341,Papara SuperMassive,MAD Lions,1,0,0,1,0,0,0,0,4,8,26576,2,3,25492,1.6,2.11,1.17,4.47
104841804589413341,Papara SuperMassive,MAD Lions,1,0,0,1,0,0,0,0,4,8,26783,2,3,25779,1.6,2.11,1.19,4.32
104841804589413341,Papara SuperMassive,MAD Lions,1,0,0,1,0,0,0,0,4,8,26975,2,3,26062,1.6,2.11,1.2,4.15
104841804589413341,Papara SuperMassive,MAD Lions,1,0,0,1,0,0,0,0,4,8,27201,2,3,26240,1.6,2.11,1.19,4.23
104841804589413341,Papara SuperMassive,MAD Lions,1,0,0,1,0,0,0,0,4,8,27201,2,3,26240,1.5,2.31,1.19,4.23
104841804589413341,Papara SuperMassive,MAD Lions,1,0,0,1,0,0,0,0,4,8,27512,2,3,26843,1.5,2.31,1.24,3.73
104841804589413341,Papara SuperMassive,MAD Lions,1,0,0,1,0,0,0,0,4,8,27885,2,3,26981,1.5,2.31,1.2,4.13
104841804589413341,Papara SuperMassive,MAD Lions,1,0,0,1,1,0,0,0,4,8,28327,2,3,27675,1.5,2.31,1.38,2.85
104841804589413341,Papara SuperMassive,MAD Lions,1,0,0,1,1,0,0,0,4,8,28434,2,3,27933,1.5,2.31,1.42,2.7
104841804589413341,Papara SuperMassive,MAD Lions,1,0,0,1,1,0,0,0,5,9,29256,2,3,28111,1.5,2.31,1.27,3.46
104841804589413341,Papara SuperMassive,MAD Lions,1,0,0,1,1,0,0,0,6,13,31119,3,6,29916,1.43,2.5,1.24,3.76
104841804589413341,Papara SuperMassive,MAD Lions,1,0,0,1,1,0,0,0,6,13,31424,3,6,30150,1.43,2.5,1.22,3.87
104841804589413341,Papara SuperMassive,MAD Lions,1,0,0,1,1,0,0,0,6,13,31699,3,6,30355,1.43,2.5,1.21,3.99
104841804589413341,Papara SuperMassive,MAD Lions,1,0,0,1,1,0,0,0,6,13,31812,3,6,30686,1.43,2.5,1.25,3.64
104841804589413341,Papara SuperMassive,MAD Lions,1,0,0,1,1,0,0,0,6,13,31915,3,6,30824,1.43,2.5,1.26,3.58
104841804589413341,Papara SuperMassive,MAD Lions,1,0,0,1,1,0,0,1,6,13,32053,3,6,30952,1.43,2.5,1.3,3.3
104841804589413341,Papara SuperMassive,MAD Lions,1,0,0,1,1,0,0,1,7,15,32854,3,6,31075,1.43,2.5,1.16,4.67
104841804589413341,Papara SuperMassive,MAD Lions,2,0,0,1,1,0,0,1,7,15,33618,3,6,31412,1.43,2.5,1.06,7.8
104841804589413341,Papara SuperMassive,MAD Lions,2,0,0,1,1,0,0,1,7,15,33952,3,6,31765,1.43,2.5,1.06,7.73
104841804589413333,Team Liquid,Legacy Esports,0,0,0,0,0,0,0,0,0,0,2500,0,0,2500,1.18,4.0,1.85,1.87
104841804589413333,Team Liquid,Legacy Esports,0,0,0,0,0,0,0,0,0,0,2500,0,0,2500,1.15,4.3,1.85,1.87
104841804589413333,Team Liquid,Legacy Esports,0,0,0,0,0,0,0,0,0,0,2500,0,0,2500,1.13,4.7,1.85,1.87
104841804589413333,Team Liquid,Legacy Esports,0,0,0,0,0,0,0,0,0,0,2500,0,0,2500,1.2,3.8,1.85,1.87
104841804589413333,Team Liquid,Legacy Esports,0,0,0,0,0,0,0,0,0,0,2521,0,0,2556,1.18,4.0,1.87,1.85
104841804589413333,Team Liquid,Legacy Esports,0,0,0,0,0,0,0,0,0,0,2760,0,0,2902,1.18,4.0,1.92,1.8
104841804589413333,Team Liquid,Legacy Esports,0,0,0,0,0,0,0,0,0,0,2997,0,0,3050,1.18,4.0,1.88,1.85
104841804589413333,Team Liquid,Legacy Esports,0,0,0,0,0,0,0,0,0,0,3132,0,0,3320,1.18,4.0,1.95,1.78
104841804589413333,Team Liquid,Legacy Esports,0,0,0,0,0,0,0,0,0,0,3484,0,0,3477,1.18,4.0,1.84,1.88
104841804589413333,Team Liquid,Legacy Esports,0,0,0,0,0,0,0,0,0,0,3714,0,0,3670,1.18,4.0,1.82,1.9
104841804589413333,Team Liquid,Legacy Esports,0,0,0,0,0,0,0,0,0,0,3957,0,0,3865,1.18,4.0,1.8,1.92
104841804589413333,Team Liquid,Legacy Esports,0,0,0,0,0,0,0,0,0,0,4172,0,0,4164,1.18,4.0,1.84,1.88
104841804589413333,Team Liquid,Legacy Esports,0,0,0,0,0,0,0,0,0,0,4474,0,0,4407,1.18,4.0,1.81,1.91
104841804589413333,Team Liquid,Legacy Esports,0,0,0,0,0,0,0,0,0,0,4739,0,0,4775,1.18,4.0,1.87,1.85
104841804589413333,Team Liquid,Legacy Esports,0,0,0,0,0,0,0,0,0,0,5024,0,0,5103,1.18,4.0,1.89,1.83
104841804589413333,Team Liquid,Legacy Esports,0,0,0,0,0,0,0,0,0,0,5227,0,0,5368,1.18,4.0,1.92,1.8
104841804589413333,Team Liquid,Legacy Esports,0,0,0,0,0,0,0,0,0,0,6410,0,0,6193,1.18,4.0,1.74,2.0
104841804589413333,Team Liquid,Legacy Esports,0,0,0,0,0,0,0,0,0,0,6617,0,0,6614,1.18,4.0,1.85,1.87
104841804589413333,Team Liquid,Legacy Esports,0,0,0,0,0,0,0,0,0,0,7897,0,0,8123,1.15,4.3,1.97,1.76
104841804589413333,Team Liquid,Legacy Esports,0,0,0,0,0,0,0,0,0,0,8212,0,0,8284,1.13,4.7,1.89,1.84
104841804589413333,Team Liquid,Legacy Esports,0,0,0,0,0,0,0,0,0,0,8447,0,0,8648,1.13,4.7,1.96,1.77
104841804589413333,Team Liquid,Legacy Esports,0,0,0,0,0,0,0,0,1,1,10089,0,0,9360,1.09,5.5,1.54,2.35
104841804589413333,Team Liquid,Legacy Esports,0,0,0,0,0,0,0,0,1,1,10235,0,0,9619,1.09,5.5,1.58,2.26
104841804589413333,Team Liquid,Legacy Esports,0,0,0,0,0,0,0,0,1,1,10464,0,0,9867,1.09,5.5,1.59,2.24
104841804589413333,Team Liquid,Legacy Esports,0,0,0,0,0,0,0,0,1,1,10742,0,0,10115,1.09,5.5,1.58,2.27
104841804589413333,Team Liquid,Legacy Esports,0,0,0,0,0,0,0,0,1,1,11085,0,0,10322,1.09,5.5,1.53,2.37
104841804589413333,Team Liquid,Legacy Esports,0,0,0,0,0,0,0,0,1,1,11428,0,0,10457,1.09,5.5,1.46,2.56
104841804589413333,Team Liquid,Legacy Esports,0,0,0,0,0,0,0,0,1,1,11867,0,0,10603,1.09,5.5,1.38,2.85
104841804589413333,Team Liquid,Legacy Esports,0,0,0,0,0,0,0,0,1,1,12100,0,0,11081,1.09,5.5,1.45,2.6
104841804589413333,Team Liquid,Legacy Esports,0,0,0,0,0,0,0,0,1,1,12217,0,0,11336,1.08,5.7,1.49,2.47
104841804589413333,Team Liquid,Legacy Esports,0,0,0,0,0,0,0,0,1,1,12386,0,0,11525,1.08,5.7,1.5,2.46
104841804589413333,Team Liquid,Legacy Esports,0,0,0,0,0,0,0,0,1,1,12615,0,0,11684,1.08,5.7,1.47,2.52
104841804589413333,Team Liquid,Legacy Esports,0,0,0,0,0,0,0,0,1,1,12919,0,0,11903,1.08,5.7,1.45,2.6
104841804589413333,Team Liquid,Legacy Esports,0,0,0,0,0,0,0,0,3,6,15482,0,0,13595,1.03,7.7,1.18,4.35
104841804589413333,Team Liquid,Legacy Esports,0,0,0,0,0,0,0,0,3,6,15589,0,0,13901,1.03,7.7,1.21,3.98
104841804589413333,Team Liquid,Legacy Esports,0,0,0,0,0,0,0,0,3,6,15763,0,0,14338,1.03,7.7,1.26,3.56
104841804589413333,Team Liquid,Legacy Esports,0,0,0,0,0,0,0,0,3,6,15763,0,0,14338,1.02,8.4,1.26,3.56
104841804589413333,Team Liquid,Legacy Esports,0,0,0,0,0,0,0,0,3,6,16169,0,0,14477,1.02,8.4,1.21,3.99
104841804589413333,Team Liquid,Legacy Esports,0,0,0,0,0,0,0,0,3,6,16693,0,0,14850,1.02,8.4,1.19,4.26
104841804589413333,Team Liquid,Legacy Esports,0,0,0,0,0,0,0,0,4,7,18509,1,1,16900,1.01,9.1,1.23,3.85
104841804589413333,Team Liquid,Legacy Esports,0,0,0,0,0,0,0,0,4,7,18934,1,1,17164,1.01,9.1,1.2,4.13
104841804589413333,Team Liquid,Legacy Esports,0,0,0,0,0,0,0,0,4,7,19354,1,1,17382,1.01,9.1,1.17,4.52
104841804589413333,Team Liquid,Legacy Esports,0,0,0,0,0,0,0,0,4,7,19354,1,1,17382,1.03,7.7,1.17,4.52
104841804589413333,Team Liquid,Legacy Esports,0,0,0,0,0,0,0,0,4,7,19642,1,1,17603,1.03,7.7,1.16,4.66
104841804589413333,Team Liquid,Legacy Esports,0,0,0,1,0,0,0,0,4,7,19856,1,1,17837,1.03,7.7,1.14,5.08
104841804589413333,Team Liquid,Legacy Esports,0,0,0,1,0,0,0,0,4,7,20101,1,1,18061,1.03,7.7,1.14,5.13
104841804589413333,Team Liquid,Legacy Esports,0,0,0,1,0,0,0,0,4,7,20101,1,1,18061,1.02,8.4,1.14,5.13
104841804589413333,Team Liquid,Legacy Esports,0,0,0,1,0,0,0,0,4,7,20350,1,1,18352,1.02,8.4,1.14,5.03
104841804589413333,Team Liquid,Legacy Esports,0,0,0,1,0,0,0,0,4,7,20475,1,1,18626,1.02,8.4,1.16,4.7
104841804589413333,Team Liquid,Legacy Esports,0,0,0,1,0,0,0,0,4,7,20714,1,1,18838,1.02,8.4,1.16,4.76
104841804589413333,Team Liquid,Legacy Esports,0,0,0,1,0,0,0,0,4,7,20714,1,1,18838,1.01,9.1,1.16,4.76
104841804589413333,Team Liquid,Legacy Esports,0,0,0,1,0,0,0,0,4,7,21132,1,1,19005,1.01,9.1,1.13,5.34
104841804589413333,Team Liquid,Legacy Esports,0,0,0,1,0,0,0,0,5,8,24466,1,1,21101,1.01,9.1,1.03,9.78
104841804589413333,Team Liquid,Legacy Esports,0,0,0,1,0,0,0,0,5,8,24865,1,1,21490,1.01,9.1,1.03,9.83
104841804589413333,Team Liquid,Legacy Esports,0,0,0,1,0,0,0,0,5,8,25065,1,1,21933,1.01,9.1,1.04,8.68
104841804589413333,Team Liquid,Legacy Esports,0,0,0,1,0,0,0,0,5,8,25309,1,1,22145,1.01,9.1,1.04,8.82
104841804589413369,Rainbow7 ,Unicorns of Love,0,0,0,0,0,0,0,0,0,0,2500,0,0,2500,1.2,3.8,1.85,1.87
104841804589413369,Rainbow7 ,Unicorns of Love,0,0,0,0,0,0,0,0,0,0,2500,0,0,2500,1.18,4.0,1.85,1.87
104841804589413369,Rainbow7 ,Unicorns of Love,0,0,0,0,0,0,0,0,0,0,2500,0,0,2500,1.13,4.7,1.85,1.87
104841804589413369,Rainbow7 ,Unicorns of Love,0,0,0,0,0,0,0,0,0,0,2516,0,0,2550,1.13,4.7,1.86,1.86
104841804589413369,Rainbow7 ,Unicorns of Love,0,0,0,0,0,0,0,0,0,0,2693,0,0,2713,1.13,4.7,1.86,1.86
104841804589413369,Rainbow7 ,Unicorns of Love,0,0,0,0,0,0,0,0,0,0,2865,0,0,2937,1.13,4.7,1.89,1.84
104841804589413369,Rainbow7 ,Unicorns of Love,0,0,0,0,0,0,0,0,0,0,3083,0,0,3111,1.13,4.7,1.86,1.86
104841804589413369,Rainbow7 ,Unicorns of Love,0,0,0,0,0,0,0,0,0,0,3354,0,0,3318,1.13,4.7,1.83,1.89
104841804589413369,Rainbow7 ,Unicorns of Love,0,0,0,0,0,0,0,0,0,0,3593,0,0,3559,1.13,4.7,1.83,1.89
104841804589413369,Rainbow7 ,Unicorns of Love,0,0,0,0,0,0,0,0,0,0,3726,0,0,3829,1.13,4.7,1.9,1.82
104841804589413369,Rainbow7 ,Unicorns of Love,0,0,0,0,0,0,0,0,0,0,3983,0,0,3982,1.13,4.7,1.85,1.87
104841804589413369,Rainbow7 ,Unicorns of Love,0,0,0,0,0,0,0,0,0,0,4348,0,0,4509,1.13,4.7,1.93,1.79
104841804589413369,Rainbow7 ,Unicorns of Love,0,0,0,0,0,0,0,0,0,0,4595,0,0,4763,1.13,4.7,1.94,1.79
104841804589413369,Rainbow7 ,Unicorns of Love,0,0,0,0,0,0,0,0,0,0,4866,0,0,4977,1.13,4.7,1.91,1.82
104841804589413369,Rainbow7 ,Unicorns of Love,0,0,0,0,0,0,0,0,0,0,5153,0,0,5229,1.13,4.7,1.89,1.83
104841804589413369,Rainbow7 ,Unicorns of Love,0,0,0,0,0,0,0,0,0,0,5474,0,0,5473,1.13,4.7,1.85,1.87
104841804589413369,Rainbow7 ,Unicorns of Love,0,0,0,0,0,0,0,0,0,0,5654,0,0,5674,1.13,4.7,1.86,1.86
104841804589413369,Rainbow7 ,Unicorns of Love,0,0,0,0,0,0,0,0,0,0,5909,0,0,5971,1.13,4.7,1.88,1.84
104841804589413369,Rainbow7 ,Unicorns of Love,0,0,0,0,0,0,0,0,0,0,6207,0,0,6115,1.13,4.7,1.8,1.92
104841804589413369,Rainbow7 ,Unicorns of Love,0,0,0,0,0,0,0,0,0,0,6450,0,0,6322,1.13,4.7,1.78,1.94
104841804589413369,Rainbow7 ,Unicorns of Love,0,0,0,0,0,0,0,0,0,0,6638,0,0,6482,1.13,4.7,1.77,1.96
104841804589413369,Rainbow7 ,Unicorns of Love,0,0,0,0,0,0,0,0,0,0,6920,0,0,6883,1.13,4.7,1.83,1.89
104841804589413369,Rainbow7 ,Unicorns of Love,0,0,0,0,0,0,0,0,0,0,7184,0,0,7155,1.13,4.7,1.83,1.89
104841804589413369,Rainbow7 ,Unicorns of Love,0,0,0,0,0,0,0,0,0,0,7184,0,0,7155,1.18,4.0,1.83,1.89
104841804589413369,Rainbow7 ,Unicorns of Love,0,0,0,0,0,0,0,0,0,0,8221,0,0,7919,1.18,4.0,1.7,2.05
104841804589413369,Rainbow7 ,Unicorns of Love,0,0,0,0,0,0,0,0,0,0,8521,0,0,8051,1.18,4.0,1.63,2.16
104841804589413369,Rainbow7 ,Unicorns of Love,0,0,0,0,0,0,0,0,0,0,8801,0,0,8167,1.18,4.0,1.57,2.28
104841804589413369,Rainbow7 ,Unicorns of Love,0,0,0,0,0,0,0,0,1,2,11037,0,0,9645,1.27,3.2,1.32,3.16
104841804589413369,Rainbow7 ,Unicorns of Love,0,0,0,0,0,0,0,0,1,2,11190,0,0,9776,1.27,3.2,1.31,3.19
104841804589413369,Rainbow7 ,Unicorns of Love,0,0,0,0,0,0,0,0,1,2,12402,0,0,11218,1.47,2.38,1.37,2.91
104841804589413369,Rainbow7 ,Unicorns of Love,0,0,0,0,0,0,0,0,1,2,12715,0,0,11385,1.5,2.31,1.33,3.09
104841804589413369,Rainbow7 ,Unicorns of Love,0,0,0,0,0,0,0,0,1,2,12715,0,0,11385,1.47,2.38,1.33,3.09
104841804589413369,Rainbow7 ,Unicorns of Love,0,0,0,0,0,0,0,0,1,2,12856,0,0,11661,1.47,2.38,1.36,2.93
104841804589413369,Rainbow7 ,Unicorns of Love,0,0,0,0,0,0,0,0,1,2,13134,0,0,11867,1.5,2.31,1.35,3.01
104841804589413369,Rainbow7 ,Unicorns of Love,0,0,0,0,0,0,0,0,1,2,13321,0,0,12123,1.5,2.31,1.36,2.93
104841804589413369,Rainbow7 ,Unicorns of Love,0,0,0,0,0,0,0,0,1,2,13527,0,0,12352,1.5,2.31,1.37,2.9
104841804589413369,Rainbow7 ,Unicorns of Love,0,0,0,0,0,0,0,0,1,2,13527,0,0,12352,1.47,2.38,1.37,2.9
104841804589413369,Rainbow7 ,Unicorns of Love,0,0,0,0,0,0,0,0,1,2,13903,0,0,12633,1.47,2.38,1.34,3.01
104841804589413369,Rainbow7 ,Unicorns of Love,0,0,0,0,0,0,0,0,1,2,14217,0,0,13152,1.47,2.38,1.4,2.79
104841804589413369,Rainbow7 ,Unicorns of Love,0,0,0,0,0,0,0,0,1,2,14320,0,0,13538,1.47,2.38,1.48,2.51
104841804589413369,Rainbow7 ,Unicorns of Love,0,0,0,0,0,0,0,0,1,2,14638,0,0,13736,1.47,2.38,1.44,2.62
104841804589413369,Rainbow7 ,Unicorns of Love,0,0,0,0,0,0,0,0,1,2,14638,0,0,13736,1.5,2.31,1.44,2.62
104841804589413369,Rainbow7 ,Unicorns of Love,0,0,0,0,0,0,0,0,1,2,14951,0,0,13890,1.5,2.31,1.4,2.78
104841804589413369,Rainbow7 ,Unicorns of Love,0,0,0,0,0,0,0,0,1,2,15505,0,0,13994,1.47,2.38,1.29,3.32
104841804589413369,Rainbow7 ,Unicorns of Love,0,0,0,0,0,0,0,0,1,2,15812,0,0,14162,1.47,2.38,1.26,3.52
104841804589413369,Rainbow7 ,Unicorns of Love,0,0,0,0,0,0,0,0,1,2,16511,0,0,14813,1.55,2.2,1.26,3.59
104841804589413369,Rainbow7 ,Unicorns of Love,0,0,0,0,0,0,0,0,1,2,16511,0,0,14813,1.5,2.31,1.26,3.59
104841804589413369,Rainbow7 ,Unicorns of Love,0,0,0,0,0,0,0,0,1,2,16729,0,0,15401,1.47,2.38,1.33,3.08
104841804589413369,Rainbow7 ,Unicorns of Love,0,0,0,0,0,0,0,0,1,2,16974,0,0,15614,1.47,2.38,1.32,3.12
104841804589413369,Rainbow7 ,Unicorns of Love,0,0,0,0,0,0,0,1,1,2,17238,0,0,15826,1.47,2.38,1.36,2.94
104841804589413369,Rainbow7 ,Unicorns of Love,1,0,0,0,0,0,0,1,4,8,23640,0,0,19094,2.87,1.33,1.0,22.18
104841804589413369,Rainbow7 ,Unicorns of Love,1,0,0,0,0,0,0,1,4,8,24050,0,0,19492,2.87,1.33,1.0,22.33
104841804589413369,Rainbow7 ,Unicorns of Love,1,0,0,0,0,0,0,1,4,8,24422,0,0,19626,2.87,1.33,1.0,25.42
104841804589413369,Rainbow7 ,Unicorns of Love,1,0,0,0,0,0,0,1,5,9,26046,0,0,21249,3.6,1.22,1.0,25.27
104841804589413369,Rainbow7 ,Unicorns of Love,1,0,0,0,0,0,0,1,5,9,26229,0,0,21442,3.6,1.22,1.0,25.13
104841804589413369,Rainbow7 ,Unicorns of Love,1,0,0,0,0,0,0,1,5,9,26481,0,0,21576,3.6,1.22,1.0,26.81
104841804589413369,Rainbow7 ,Unicorns of Love,2,0,0,0,0,0,0,1,5,9,27411,0,0,21973,3.6,1.22,1.0,51.4
104841804589413369,Rainbow7 ,Unicorns of Love,2,0,0,0,0,0,0,1,5,9,27903,0,0,22552,3.6,1.22,1.0,48.97
104841804589413369,Rainbow7 ,Unicorns of Love,2,0,0,0,0,0,0,1,5,9,28110,0,0,22708,3.6,1.22,1.0,50.38
104841804589413369,Rainbow7 ,Unicorns of Love,2,0,0,0,0,0,0,1,5,9,28586,0,0,22906,3.6,1.22,1.0,58.83
104841804589413369,Rainbow7 ,Unicorns of Love,2,0,0,0,0,0,0,1,5,9,28586,0,0,22906,4.0,1.18,1.0,58.83
104841804589413369,Rainbow7 ,Unicorns of Love,2,0,0,0,0,0,0,1,5,9,28881,0,0,23214,4.0,1.18,1.0,58.41
104841804589413369,Rainbow7 ,Unicorns of Love,2,0,0,0,0,0,0,1,5,9,29481,0,0,23773,4.0,1.18,1.0,59.76
104841804589413369,Rainbow7 ,Unicorns of Love,2,0,0,0,0,0,0,1,5,9,29621,0,0,23898,4.7,1.13,1.0,60.26
104841804589413369,Rainbow7 ,Unicorns of Love,2,0,0,1,0,0,0,1,5,9,29754,0,0,24178,5.5,1.09,1.0,62.43
104841804589413369,Rainbow7 ,Unicorns of Love,2,0,0,1,0,0,0,1,6,11,30310,0,0,24334,5.7,1.08,1.0,83.88
104841804589413369,Rainbow7 ,Unicorns of Love,2,0,0,1,0,0,0,1,7,15,30871,1,3,25043,5.7,1.08,1.0,83.48
104841804589413369,Rainbow7 ,Unicorns of Love,3,0,0,1,0,0,0,1,10,20,33731,1,3,25983,9.1,1.01,1.0,406.82
104841804589413369,Rainbow7 ,Unicorns of Love,3,0,0,1,0,0,0,1,10,20,34044,1,3,26387,9.1,1.01,1.0,386.39
104841804589413369,Rainbow7 ,Unicorns of Love,3,0,0,1,0,0,0,1,10,20,34287,1,3,26861,9.1,1.01,1.0,339.03
104841804589413369,Rainbow7 ,Unicorns of Love,3,0,0,1,0,0,0,1,10,20,34565,1,3,27158,9.1,1.01,1.0,335.41
104841804589413369,Rainbow7 ,Unicorns of Love,3,0,0,1,0,0,0,1,10,20,34992,1,3,27351,9.1,1.01,1.0,382.91
104841804589413369,Rainbow7 ,Unicorns of Love,3,0,0,1,0,0,0,1,10,20,35254,1,3,27546,9.1,1.01,1.0,397.71
104841804589413369,Rainbow7 ,Unicorns of Love,3,0,0,1,0,0,0,1,10,20,35722,1,3,27707,9.1,1.01,1.0,473.23
104841804589413369,Rainbow7 ,Unicorns of Love,3,0,0,1,0,0,0,1,10,20,36155,1,3,27885,9.1,1.01,1.0,546.77
104841804589413369,Rainbow7 ,Unicorns of Love,3,0,0,1,0,0,0,1,10,20,36155,1,3,27885,8.4,1.02,1.0,546.77
104841804589413369,Rainbow7 ,Unicorns of Love,3,0,0,1,0,0,0,1,10,20,36364,1,3,28178,8.4,1.02,1.0,521.36
104841804589413369,Rainbow7 ,Unicorns of Love,4,0,0,1,0,0,0,1,10,20,37199,1,3,28400,8.4,1.02,1.0,1063.26
104841804589413369,Rainbow7 ,Unicorns of Love,4,0,0,1,0,0,0,1,10,20,37294,1,3,28565,8.4,1.02,1.0,1021.88
104841804589413369,Rainbow7 ,Unicorns of Love,4,0,0,1,0,0,0,1,10,20,37294,1,3,28565,9.1,1.01,1.0,1021.88
104841804589413369,Rainbow7 ,Unicorns of Love,4,0,0,1,0,0,0,1,10,20,37512,1,3,28909,9.1,1.01,1.0,951.43
104841804589413369,Rainbow7 ,Unicorns of Love,4,0,0,1,0,0,0,1,10,20,37926,1,3,29013,9.1,1.01,1.0,1134.26
104841804589413369,Rainbow7 ,Unicorns of Love,4,0,0,1,0,0,0,1,11,23,38611,1,3,29195,9.1,1.01,1.0,1755.06
104841804589413369,Rainbow7 ,Unicorns of Love,4,0,0,1,0,0,0,1,11,23,38832,1,3,29403,9.1,1.01,1.0,1768.05
104841804589413369,Rainbow7 ,Unicorns of Love,4,0,0,1,0,0,0,1,11,23,39022,1,3,29530,9.1,1.01,1.0,1832.38
104841804589413369,Rainbow7 ,Unicorns of Love,4,0,0,1,0,0,0,1,11,23,39127,1,3,29758,9.1,1.01,1.0,1708.89
104841804589413369,Rainbow7 ,Unicorns of Love,4,0,1,1,0,0,0,1,11,23,40757,2,6,30412,9.1,1.01,1.0,2020.2
104841804589413369,Rainbow7 ,Unicorns of Love,4,0,1,1,0,0,0,1,12,27,41317,2,6,30547,9.1,1.01,1.0,3237.3
104841804589413359,PSG Talon,V3 Esports,0,0,0,0,0,0,0,0,0,0,2500,0,0,2500,1.38,2.66,1.85,1.87
104841804589413359,PSG Talon,V3 Esports,0,0,0,0,0,0,0,0,0,0,2521,0,0,2563,1.38,2.66,1.87,1.85
104841804589413359,PSG Talon,V3 Esports,0,0,0,0,0,0,0,0,0,0,2786,0,0,2814,1.38,2.66,1.86,1.86
104841804589413359,PSG Talon,V3 Esports,0,0,0,0,0,0,0,0,0,0,3083,0,0,2999,1.38,2.66,1.8,1.92
104841804589413359,PSG Talon,V3 Esports,0,0,0,0,0,0,0,0,0,0,3253,0,0,3238,1.38,2.66,1.84,1.88
104841804589413359,PSG Talon,V3 Esports,0,0,0,0,0,0,0,0,0,0,3253,0,0,3238,1.33,2.87,1.84,1.88
104841804589413359,PSG Talon,V3 Esports,0,0,0,0,0,0,0,0,0,0,3441,0,0,3518,1.33,2.87,1.89,1.83
104841804589413359,PSG Talon,V3 Esports,0,0,0,0,0,0,0,0,0,0,3704,0,0,3775,1.33,2.87,1.88,1.84
104841804589413359,PSG Talon,V3 Esports,0,0,0,0,0,0,0,0,0,0,4014,0,0,3971,1.33,2.87,1.82,1.9
104841804589413359,PSG Talon,V3 Esports,0,0,0,0,0,0,0,0,0,0,4214,0,0,4196,1.33,2.87,1.84,1.88
104841804589413359,PSG Talon,V3 Esports,0,0,0,0,0,0,0,0,0,0,4508,0,0,4516,1.33,2.87,1.85,1.87
104841804589413359,PSG Talon,V3 Esports,0,0,0,0,0,0,0,0,0,0,4801,0,0,4781,1.33,2.87,1.84,1.88
104841804589413359,PSG Talon,V3 Esports,0,0,0,0,0,0,0,0,1,1,7768,0,0,7088,1.33,2.87,1.56,2.31
104841804589413359,PSG Talon,V3 Esports,0,0,0,0,0,0,0,0,1,1,8113,0,0,7208,1.33,2.87,1.48,2.5
104841804589413359,PSG Talon,V3 Esports,0,0,0,0,0,0,0,0,1,1,8394,0,0,7331,1.33,2.87,1.44,2.64
104841804589413359,PSG Talon,V3 Esports,0,0,0,0,0,0,0,0,1,1,8394,0,0,7331,1.27,3.2,1.44,2.64
104841804589413359,PSG Talon,V3 Esports,0,0,0,0,0,0,0,0,1,1,9325,0,0,8566,1.18,4.0,1.53,2.37
104841804589413359,PSG Talon,V3 Esports,0,0,0,0,0,0,0,0,1,1,9464,0,0,8757,1.18,4.0,1.55,2.33
104841804589413359,PSG Talon,V3 Esports,0,0,0,0,0,0,0,0,1,1,9671,0,0,9027,1.18,4.0,1.57,2.28
104841804589413359,PSG Talon,V3 Esports,0,0,0,0,0,0,0,0,1,1,9671,0,0,9027,1.15,4.3,1.57,2.28
104841804589413359,PSG Talon,V3 Esports,0,0,0,0,0,0,0,0,1,1,9804,0,0,9216,1.15,4.3,1.59,2.24
104841804589413359,PSG Talon,V3 Esports,0,0,0,0,0,0,0,0,1,1,9997,0,0,9499,1.15,4.3,1.63,2.17
104841804589413359,PSG Talon,V3 Esports,0,0,0,0,0,0,0,0,1,1,10186,0,0,9730,1.15,4.3,1.64,2.14
104841804589413359,PSG Talon,V3 Esports,0,0,0,0,0,0,0,0,1,1,10369,0,0,9885,1.15,4.3,1.63,2.16
104841804589413359,PSG Talon,V3 Esports,0,0,0,0,0,0,0,0,1,1,10571,0,0,10223,1.15,4.3,1.69,2.07
104841804589413359,PSG Talon,V3 Esports,0,0,0,0,0,0,0,0,1,1,10738,0,0,10397,1.15,4.3,1.69,2.07
104841804589413359,PSG Talon,V3 Esports,0,0,0,0,0,0,0,0,2,1,12447,0,0,11772,1.18,4.0,1.62,2.19
104841804589413359,PSG Talon,V3 Esports,0,0,0,0,0,0,0,0,2,1,13026,0,0,12105,1.18,4.0,1.53,2.38
104841804589413359,PSG Talon,V3 Esports,0,0,0,0,0,0,0,0,2,1,13433,0,0,12291,1.18,4.0,1.46,2.57
104841804589413359,PSG Talon,V3 Esports,0,0,0,0,0,0,0,0,2,1,13635,0,0,12565,1.18,4.0,1.48,2.51
104841804589413359,PSG Talon,V3 Esports,0,0,0,1,0,0,0,0,2,1,14084,0,0,12689,1.09,5.5,1.33,3.07
104841804589413359,PSG Talon,V3 Esports,0,0,0,1,0,0,0,0,2,1,14309,0,0,13147,1.1,5.2,1.39,2.8
104841804589413359,PSG Talon,V3 Esports,0,0,0,1,0,0,0,0,3,1,15131,1,2,14306,1.09,5.5,1.59,2.25
104841804589413359,PSG Talon,V3 Esports,0,0,0,1,0,0,0,0,3,1,15886,1,2,15024,1.09,5.5,1.57,2.28
104841804589413359,PSG Talon,V3 Esports,1,0,0,1,0,0,0,0,3,1,17217,1,2,15236,1.09,5.5,1.17,4.6
104841804589413359,PSG Talon,V3 Esports,1,0,0,1,0,0,0,0,3,1,17718,1,2,15483,1.09,5.5,1.13,5.16
104841804589413359,PSG Talon,V3 Esports,1,0,0,1,0,0,0,0,3,1,18568,1,2,16566,1.06,6.4,1.16,4.64
104841804589413359,PSG Talon,V3 Esports,1,0,0,1,0,0,0,0,3,1,18868,1,2,16819,1.06,6.4,1.16,4.74
104841804589413359,PSG Talon,V3 Esports,1,0,0,1,0,0,0,0,3,1,19145,1,2,17122,1.06,6.4,1.16,4.68
104841804589413359,PSG Talon,V3 Esports,1,0,0,1,0,0,0,0,3,1,19415,1,2,17369,1.06,6.4,1.16,4.73
104841804589413359,PSG Talon,V3 Esports,1,0,0,1,0,0,0,0,3,1,19415,1,2,17369,1.04,7.2,1.16,4.73
104841804589413359,PSG Talon,V3 Esports,1,0,0,1,0,0,0,0,3,1,20015,1,2,17557,1.04,7.2,1.11,5.74
104841804589413359,PSG Talon,V3 Esports,1,0,0,1,0,0,0,0,3,1,20235,1,2,18051,1.04,7.2,1.14,5.04
104841804589413359,PSG Talon,V3 Esports,1,0,0,1,0,0,0,0,3,1,20500,1,2,18261,1.03,7.7,1.13,5.17
104841804589413359,PSG Talon,V3 Esports,1,0,0,1,0,0,0,0,3,1,20812,2,3,18845,1.03,7.7,1.17,4.59
104841804589413359,PSG Talon,V3 Esports,1,0,0,1,0,0,0,0,4,1,23359,3,4,21448,1.08,5.7,1.19,4.21
104841804589413359,PSG Talon,V3 Esports,1,0,0,1,0,0,0,0,4,1,23647,3,4,21620,1.08,5.7,1.18,4.43
104841804589413359,PSG Talon,V3 Esports,1,0,0,1,0,0,0,0,4,1,24119,3,4,22025,1.13,4.7,1.17,4.57
104841804589413359,PSG Talon,V3 Esports,1,0,0,1,0,0,0,0,4,1,24273,3,4,22174,1.13,4.7,1.17,4.58
104841804589413359,PSG Talon,V3 Esports,1,0,0,1,0,0,0,0,7,13,25885,5,11,23245,1.13,4.7,1.06,7.69
104841804589413359,PSG Talon,V3 Esports,2,0,0,2,0,0,0,0,8,15,30993,7,15,28255,1.08,5.7,1.01,11.72
104841804589413359,PSG Talon,V3 Esports,2,0,0,2,0,0,0,0,8,15,31105,7,15,28485,1.06,6.4,1.02,11.03
104841804589413359,PSG Talon,V3 Esports,2,0,0,2,0,0,0,0,8,15,31334,7,15,28990,1.06,6.4,1.03,9.56
104841804589413359,PSG Talon,V3 Esports,2,0,0,2,0,0,0,0,8,15,31334,7,15,28990,1.04,7.2,1.03,9.56
104841804589413359,PSG Talon,V3 Esports,2,0,0,2,0,0,0,0,8,15,31713,7,15,29097,1.04,7.2,1.02,11.0
104841804589413359,PSG Talon,V3 Esports,2,0,0,2,1,0,0,0,8,15,32064,7,15,29790,1.04,7.2,1.08,6.68
104841804589413359,PSG Talon,V3 Esports,2,0,0,2,1,0,0,0,8,15,32582,7,15,29977,1.06,6.4,1.05,7.87
104841804589413359,PSG Talon,V3 Esports,3,0,0,2,1,0,0,0,8,15,33735,7,15,30372,1.06,6.4,1.0,16.32
104841804589413359,PSG Talon,V3 Esports,3,0,0,2,1,0,0,0,8,15,33954,7,15,30732,1.06,6.4,1.0,15.14
104841804589413359,PSG Talon,V3 Esports,3,0,0,2,1,0,0,0,8,15,34378,7,15,31323,1.06,6.4,1.0,13.85
104841804589413359,PSG Talon,V3 Esports,3,0,0,2,1,0,0,0,8,15,34571,7,15,31640,1.06,6.4,1.0,12.97
104841804589413359,PSG Talon,V3 Esports,3,0,0,2,1,0,0,0,8,15,34757,7,15,31860,1.06,6.4,1.0,12.74
104841804589413359,PSG Talon,V3 Esports,3,0,0,2,1,0,0,0,8,15,35009,7,15,32012,1.06,6.4,1.0,13.43
104841804589413359,PSG Talon,V3 Esports,3,0,0,2,1,0,0,0,8,15,35009,7,15,32012,1.03,7.7,1.0,13.43
104841804589413359,PSG Talon,V3 Esports,3,0,0,2,1,0,0,0,8,15,35321,7,15,32184,1.03,7.7,1.0,14.47
104841804589413359,PSG Talon,V3 Esports,3,0,0,2,1,0,0,0,8,15,35521,7,15,32407,1.03,7.7,1.0,14.29
104841804589413359,PSG Talon,V3 Esports,3,0,0,2,1,0,0,0,8,15,35740,7,15,32819,1.03,7.7,1.0,12.91
104841804589413359,PSG Talon,V3 Esports,3,0,0,2,1,0,0,0,8,15,35959,7,15,32972,1.03,7.7,1.0,13.36
104841804589413359,PSG Talon,V3 Esports,3,0,0,2,1,0,0,0,8,15,35959,7,15,32972,1.02,8.4,1.0,13.36
104841804589413359,PSG Talon,V3 Esports,3,0,0,2,1,0,0,0,8,15,36094,7,15,33140,1.02,8.4,1.0,13.13
104841804589413359,PSG Talon,V3 Esports,3,0,0,2,1,0,0,0,8,15,36197,7,15,33306,1.02,8.4,1.0,12.7
104841804589413359,PSG Talon,V3 Esports,3,0,0,2,1,0,0,0,8,15,36298,7,15,33404,1.02,8.4,1.0,12.72
104841804589413335,Papara SuperMassive,Team Liquid,0,0,0,0,0,0,0,0,0,0,2500,0,0,2500,2.38,1.47,1.85,1.87
104841804589413335,Papara SuperMassive,Team Liquid,0,0,0,0,0,0,0,0,0,0,2500,0,0,2500,2.5,1.43,1.85,1.87
104841804589413335,Papara SuperMassive,Team Liquid,0,0,0,0,0,0,0,0,0,0,2542,0,0,2500,2.5,1.43,1.83,1.9
104841804589413335,Papara SuperMassive,Team Liquid,0,0,0,0,0,0,0,0,0,0,2765,0,0,2588,2.5,1.43,1.76,1.97
104841804589413335,Papara SuperMassive,Team Liquid,0,0,0,0,0,0,0,0,0,0,2932,0,0,2848,2.5,1.43,1.8,1.92
104841804589413335,Papara SuperMassive,Team Liquid,0,0,0,0,0,0,0,0,0,0,3210,0,0,3014,2.5,1.43,1.75,1.98
104841804589413335,Papara SuperMassive,Team Liquid,0,0,0,0,0,0,0,0,0,0,3491,0,0,3419,2.5,1.43,1.81,1.91
104841804589413335,Papara SuperMassive,Team Liquid,0,0,0,0,0,0,0,0,0,0,3684,0,0,3817,2.5,1.43,1.92,1.8
104841804589413335,Papara SuperMassive,Team Liquid,0,0,0,0,0,0,0,0,0,0,3949,0,0,4018,2.5,1.43,1.88,1.84
104841804589413335,Papara SuperMassive,Team Liquid,0,0,0,0,0,0,0,0,0,0,4147,0,0,4244,2.5,1.43,1.9,1.82
104841804589413335,Papara SuperMassive,Team Liquid,0,0,0,0,0,0,0,0,0,0,4501,0,0,4507,2.5,1.43,1.85,1.87
104841804589413335,Papara SuperMassive,Team Liquid,0,0,0,0,0,0,0,0,0,0,4763,0,0,4861,2.5,1.43,1.9,1.82
104841804589413335,Papara SuperMassive,Team Liquid,0,0,0,0,0,0,0,0,0,0,7408,0,0,7480,2.66,1.38,1.89,1.84
104841804589413335,Papara SuperMassive,Team Liquid,0,0,0,0,0,0,0,0,0,0,7619,0,0,7768,2.66,1.38,1.93,1.8
104841804589413335,Papara SuperMassive,Team Liquid,0,0,0,0,0,0,0,0,0,0,7853,0,0,7987,2.66,1.38,1.92,1.8
104841804589413335,Papara SuperMassive,Team Liquid,0,0,0,0,0,0,0,0,0,0,8006,0,0,8174,2.66,1.38,1.94,1.79
104841804589413335,Papara SuperMassive,Team Liquid,0,0,0,0,0,0,0,0,0,0,8190,0,0,8485,3.02,1.3,2.01,1.73
104841804589413335,Papara SuperMassive,Team Liquid,0,0,0,0,0,0,0,0,0,0,8479,0,0,8766,3.02,1.3,2.01,1.73
104841804589413335,Papara SuperMassive,Team Liquid,0,0,0,0,0,0,0,0,0,0,8804,0,0,9027,3.02,1.3,1.97,1.76
104841804589413335,Papara SuperMassive,Team Liquid,0,0,0,0,0,0,0,0,0,0,9064,0,0,9374,3.02,1.3,2.02,1.72
104841804589413335,Papara SuperMassive,Team Liquid,0,0,0,0,0,0,0,0,0,0,9251,0,0,9561,3.02,1.3,2.02,1.72
104841804589413335,Papara SuperMassive,Team Liquid,0,0,0,0,0,0,0,1,0,0,11248,0,0,11141,3.3,1.25,1.9,1.82
104841804589413335,Papara SuperMassive,Team Liquid,0,0,0,0,0,0,0,1,0,0,11501,0,0,11470,3.3,1.25,1.95,1.78
104841804589413335,Papara SuperMassive,Team Liquid,0,0,0,0,0,0,0,1,0,0,11741,0,0,11667,3.3,1.25,1.92,1.8
104841804589413335,Papara SuperMassive,Team Liquid,0,0,0,0,0,0,0,1,0,0,11879,0,0,12012,3.3,1.25,2.04,1.71
104841804589413335,Papara SuperMassive,Team Liquid,0,0,0,0,0,0,0,1,0,0,11879,0,0,12012,3.6,1.22,2.04,1.71
104841804589413335,Papara SuperMassive,Team Liquid,0,0,0,0,0,0,0,1,0,0,11985,0,0,12223,3.6,1.22,2.11,1.66
104841804589413335,Papara SuperMassive,Team Liquid,0,0,0,0,0,0,0,1,0,0,12951,0,0,12901,3.3,1.25,1.93,1.79
104841804589413335,Papara SuperMassive,Team Liquid,0,0,0,0,0,0,0,1,0,0,13383,0,0,13365,3.3,1.25,1.95,1.78
104841804589413335,Papara SuperMassive,Team Liquid,0,0,0,0,0,0,0,1,0,0,13623,0,0,13901,3.3,1.25,2.14,1.64
104841804589413335,Papara SuperMassive,Team Liquid,0,0,0,0,0,0,0,1,0,0,13825,0,0,14236,3.3,1.25,2.23,1.59
104841804589413335,Papara SuperMassive,Team Liquid,0,0,0,0,0,0,0,1,0,0,13825,0,0,14236,3.2,1.27,2.23,1.59
104841804589413335,Papara SuperMassive,Team Liquid,0,0,0,0,0,0,0,1,0,0,14210,0,0,14425,3.2,1.27,2.1,1.67
104841804589413335,Papara SuperMassive,Team Liquid,1,0,0,0,0,0,0,1,1,2,17490,2,3,17084,2.66,1.38,1.5,2.46
104841804589413335,Papara SuperMassive,Team Liquid,1,0,0,0,0,0,0,1,1,2,17490,2,3,17084,3.2,1.27,1.5,2.46
104841804589413335,Papara SuperMassive,Team Liquid,1,0,0,0,0,0,0,1,1,2,17673,2,3,17329,3.2,1.27,1.52,2.41
104841804589413335,Papara SuperMassive,Team Liquid,1,0,0,0,0,0,0,1,1,2,17799,2,3,17577,3.2,1.27,1.56,2.31
104841804589413335,Papara SuperMassive,Team Liquid,1,0,0,0,0,0,0,1,1,2,18062,2,3,17746,3.2,1.27,1.52,2.38
104841804589413335,Papara SuperMassive,Team Liquid,1,0,0,0,0,0,0,1,1,2,18062,2,3,17746,3.02,1.3,1.52,2.38
104841804589413335,Papara SuperMassive,Team Liquid,1,0,0,0,0,0,0,1,1,2,18284,2,3,18090,3.02,1.3,1.57,2.29
104841804589413335,Papara SuperMassive,Team Liquid,1,0,0,0,0,0,0,1,1,2,18758,2,3,18292,3.02,1.3,1.48,2.51
104841804589413335,Papara SuperMassive,Team Liquid,1,0,0,0,0,0,0,1,1,2,18920,2,3,18616,3.02,1.3,1.53,2.37
104841804589413335,Papara SuperMassive,Team Liquid,1,0,0,0,0,0,0,1,1,2,19212,2,3,18795,3.02,1.3,1.49,2.47
104841804589413335,Papara SuperMassive,Team Liquid,1,0,0,0,0,0,0,1,1,2,19797,2,3,19233,3.02,1.3,1.45,2.6
104841804589413335,Papara SuperMassive,Team Liquid,1,0,0,0,0,0,0,1,1,2,19797,2,3,19233,3.3,1.25,1.45,2.6
104841804589413335,Papara SuperMassive,Team Liquid,1,0,0,0,0,0,0,1,1,2,20091,2,3,19515,3.3,1.25,1.44,2.61
104841804589413335,Papara SuperMassive,Team Liquid,1,0,0,0,0,0,0,2,1,2,20589,2,3,20023,3.6,1.22,1.51,2.42
104841804589413335,Papara SuperMassive,Team Liquid,1,0,0,0,0,0,0,2,1,2,20719,2,3,20227,3.6,1.22,1.54,2.36
104841804589413335,Papara SuperMassive,Team Liquid,1,0,0,0,0,0,0,2,1,2,20824,2,3,20469,3.6,1.22,1.59,2.25
104841804589413335,Papara SuperMassive,Team Liquid,1,0,0,0,0,0,0,2,1,2,20824,2,3,20469,3.2,1.27,1.59,2.25
104841804589413335,Papara SuperMassive,Team Liquid,1,0,0,0,0,0,0,2,1,2,20928,2,3,20847,3.2,1.27,1.7,2.06
104841804589413335,Papara SuperMassive,Team Liquid,1,0,0,0,0,0,0,2,2,3,22544,2,3,21616,2.31,1.5,1.41,2.74
104841804589413335,Papara SuperMassive,Team Liquid,1,0,0,0,0,0,0,2,2,3,22924,2,3,21990,2.31,1.5,1.41,2.75
104841804589413335,Papara SuperMassive,Team Liquid,1,0,0,0,0,0,0,2,2,3,22924,2,3,21990,2.38,1.47,1.41,2.75
104841804589413335,Papara SuperMassive,Team Liquid,1,0,0,0,0,0,0,2,2,3,23185,2,3,22289,2.38,1.47,1.42,2.71
104841804589413335,Papara SuperMassive,Team Liquid,1,0,0,0,0,0,0,2,2,3,23388,2,3,22692,2.38,1.47,1.47,2.52
104841804589413335,Papara SuperMassive,Team Liquid,1,0,0,0,0,0,0,2,2,3,23388,2,3,22692,2.5,1.43,1.47,2.52
104841804589413335,Papara SuperMassive,Team Liquid,1,0,0,0,0,0,0,2,2,3,23647,2,3,22986,2.5,1.43,1.48,2.49
104841804589413335,Papara SuperMassive,Team Liquid,1,0,0,0,0,0,0,2,2,3,23899,2,3,23361,2.5,1.43,1.53,2.38
104841804589413335,Papara SuperMassive,Team Liquid,1,0,0,0,0,0,0,2,2,3,24064,2,3,23575,2.5,1.43,1.54,2.34
104841804589413335,Papara SuperMassive,Team Liquid,1,0,0,0,0,0,0,2,2,3,24064,2,3,23575,2.66,1.38,1.54,2.34
104841804589413335,Papara SuperMassive,Team Liquid,1,0,0,0,0,0,0,2,2,3,24253,2,3,23909,2.66,1.38,1.59,2.23
104841804589413335,Papara SuperMassive,Team Liquid,1,0,0,0,0,0,0,2,2,3,25620,2,3,25416,3.2,1.27,1.65,2.13
104841804589413335,Papara SuperMassive,Team Liquid,1,0,0,0,0,0,0,2,2,3,25931,2,3,25711,3.2,1.27,1.64,2.14
104841804589413335,Papara SuperMassive,Team Liquid,1,0,0,0,0,0,0,2,2,3,26277,2,3,25908,3.2,1.27,1.58,2.25
104841804589413335,Papara SuperMassive,Team Liquid,1,0,0,0,0,0,0,2,2,3,26468,2,3,26350,3.2,1.27,1.69,2.08
104841804589413335,Papara SuperMassive,Team Liquid,1,0,0,0,0,0,0,2,2,3,26820,2,3,26522,3.2,1.27,1.61,2.2
104841804589413335,Papara SuperMassive,Team Liquid,1,0,0,0,0,0,0,2,2,3,26820,2,3,26522,3.3,1.25,1.61,2.2
104841804589413335,Papara SuperMassive,Team Liquid,1,0,0,0,0,0,0,2,2,3,27017,2,3,26794,3.3,1.25,1.64,2.15
104841804589413335,Papara SuperMassive,Team Liquid,1,0,0,0,0,0,0,2,2,3,27149,2,3,27264,3.3,1.25,1.79,1.93
104841804589413335,Papara SuperMassive,Team Liquid,1,0,0,0,0,0,0,2,2,3,27149,2,3,27264,3.6,1.22,1.79,1.93
104841804589413335,Papara SuperMassive,Team Liquid,1,0,0,0,0,0,0,2,2,3,27681,2,3,27503,3.6,1.22,1.66,2.11
104841804589413335,Papara SuperMassive,Team Liquid,1,0,0,0,0,0,0,2,2,3,27974,2,3,27805,3.6,1.22,1.66,2.11
104841804589413335,Papara SuperMassive,Team Liquid,1,0,0,0,0,0,0,2,2,3,28214,2,3,28147,3.6,1.22,1.71,2.04
104841804589413335,Papara SuperMassive,Team Liquid,1,0,0,0,1,0,0,3,2,3,29549,4,9,31130,5.7,1.08,5.28,1.13
104841804589413335,Papara SuperMassive,Team Liquid,1,0,0,0,1,0,0,3,2,3,29549,4,9,31130,6.4,1.06,5.28,1.13
104841804589413335,Papara SuperMassive,Team Liquid,1,0,0,0,1,0,0,3,2,3,30130,4,9,31343,6.4,1.06,4.46,1.17
104841804589413335,Papara SuperMassive,Team Liquid,1,0,0,0,2,0,0,3,2,3,30482,4,9,32122,6.4,1.06,7.42,1.06
104841804589413335,Papara SuperMassive,Team Liquid,1,0,0,0,2,0,0,3,2,3,30739,4,9,32331,6.4,1.06,7.25,1.07
104841804589413335,Papara SuperMassive,Team Liquid,1,0,0,0,2,0,0,3,2,3,30739,4,9,32331,7.7,1.03,7.25,1.07
104841804589413335,Papara SuperMassive,Team Liquid,1,0,0,0,2,0,0,3,2,3,30739,4,9,32331,8.4,1.02,7.25,1.07
104841804589413335,Papara SuperMassive,Team Liquid,1,0,0,0,2,0,0,3,2,3,31047,4,9,32836,8.4,1.02,7.99,1.05
104841804589413335,Papara SuperMassive,Team Liquid,1,0,0,0,2,0,0,3,2,3,31210,4,9,33005,8.4,1.02,8.02,1.05
104841804589413335,Papara SuperMassive,Team Liquid,1,0,0,0,2,0,0,3,2,3,31383,4,9,33370,8.4,1.02,8.83,1.04
104841804589413335,Papara SuperMassive,Team Liquid,1,0,0,0,2,0,0,3,2,3,31515,4,9,33802,8.4,1.02,10.3,1.02
104841804589413335,Papara SuperMassive,Team Liquid,1,0,0,0,2,0,0,3,2,3,31919,4,9,33999,8.4,1.02,9.26,1.03
104841804589413335,Papara SuperMassive,Team Liquid,1,0,0,0,2,0,0,3,2,3,31919,4,9,33999,9.1,1.01,9.26,1.03
104841804589413335,Papara SuperMassive,Team Liquid,1,0,0,0,2,0,0,3,2,3,32124,4,9,34140,9.1,1.01,8.96,1.04
104841804589413335,Papara SuperMassive,Team Liquid,1,0,0,0,2,0,0,3,2,3,32399,4,9,34401,9.1,1.01,8.9,1.04
104841804589413335,Papara SuperMassive,Team Liquid,1,0,0,0,2,0,0,3,2,3,32670,4,9,34504,9.1,1.01,8.18,1.05
104841804589413335,Papara SuperMassive,Team Liquid,1,0,0,0,2,0,0,3,2,3,32858,4,9,34808,9.1,1.01,8.67,1.04
104841804589413335,Papara SuperMassive,Team Liquid,1,0,0,0,2,0,0,3,2,3,33111,4,9,35204,9.1,1.01,9.32,1.03
104841804589413335,Papara SuperMassive,Team Liquid,1,0,0,0,2,0,0,3,2,3,33416,4,9,35423,9.1,1.01,8.92,1.04
104841804589413335,Papara SuperMassive,Team Liquid,1,0,0,0,2,0,0,3,2,3,33666,4,9,35698,9.1,1.01,9.04,1.04
104841804589413335,Papara SuperMassive,Team Liquid,1,0,0,0,2,0,0,3,2,3,33895,4,9,35864,9.1,1.01,8.75,1.04
104841804589413335,Papara SuperMassive,Team Liquid,1,0,0,0,2,0,0,3,2,3,34138,4,9,35973,9.1,1.01,8.18,1.05
104841804589413335,Papara SuperMassive,Team Liquid,1,0,0,0,2,0,0,3,2,3,34376,4,9,36206,9.1,1.01,8.16,1.05
104841804589413339,MAD Lions,Legacy Esports,0,0,0,0,0,0,0,0,0,0,2500,0,0,2500,1.43,2.5,1.85,1.87
104841804589413339,MAD Lions,Legacy Esports,0,0,0,0,0,0,0,0,0,0,2500,0,0,2500,1.33,2.87,1.85,1.87
104841804589413339,MAD Lions,Legacy Esports,0,0,0,0,0,0,0,0,0,0,2642,0,0,2563,1.33,2.87,1.81,1.92
104841804589413339,MAD Lions,Legacy Esports,0,0,0,0,0,0,0,0,0,0,2642,0,0,2563,1.47,2.38,1.81,1.92
104841804589413339,MAD Lions,Legacy Esports,0,0,0,0,0,0,0,0,0,0,2877,0,0,2920,1.47,2.38,1.87,1.85
104841804589413339,MAD Lions,Legacy Esports,0,0,0,0,0,0,0,0,0,0,2877,0,0,2920,1.43,2.5,1.87,1.85
104841804589413339,MAD Lions,Legacy Esports,0,0,0,0,0,0,0,0,0,0,3138,0,0,3059,1.43,2.5,1.81,1.92
104841804589413339,MAD Lions,Legacy Esports,0,0,0,0,0,0,0,0,0,0,3337,0,0,3329,1.43,2.5,1.84,1.88
104841804589413339,MAD Lions,Legacy Esports,0,0,0,0,0,0,0,0,0,0,3534,0,0,3606,1.43,2.5,1.89,1.84
104841804589413339,MAD Lions,Legacy Esports,0,0,0,0,0,0,0,0,0,0,3897,0,0,3806,1.43,2.5,1.8,1.92
104841804589413339,MAD Lions,Legacy Esports,0,0,0,0,0,0,0,0,0,0,4129,0,0,3975,1.43,2.5,1.77,1.96
104841804589413339,MAD Lions,Legacy Esports,0,0,0,0,0,0,0,0,0,0,4538,0,0,4310,1.43,2.5,1.74,2.0
104841804589413339,MAD Lions,Legacy Esports,0,0,0,0,0,0,0,0,0,0,4538,0,0,4310,1.33,2.87,1.74,2.0
104841804589413339,MAD Lions,Legacy Esports,0,0,0,0,0,0,0,0,0,0,4900,0,0,4581,1.33,2.87,1.7,2.06
104841804589413339,MAD Lions,Legacy Esports,0,0,0,0,0,0,0,0,0,0,5137,0,0,4850,1.33,2.87,1.71,2.04
104841804589413339,MAD Lions,Legacy Esports,0,0,0,0,0,0,0,0,0,0,5366,0,0,5107,1.33,2.87,1.72,2.02
104841804589413339,MAD Lions,Legacy Esports,0,0,0,0,0,0,0,0,0,0,5647,0,0,5262,1.33,2.87,1.67,2.1
104841804589413339,MAD Lions,Legacy Esports,0,0,0,0,0,0,0,0,0,0,5815,0,0,5472,1.33,2.87,1.68,2.08
104841804589413339,MAD Lions,Legacy Esports,0,0,0,0,0,0,0,0,0,0,6019,0,0,5780,1.33,2.87,1.73,2.01
104841804589413339,MAD Lions,Legacy Esports,0,0,0,0,0,0,0,0,0,0,7427,0,0,7454,1.33,2.87,1.86,1.86
104841804589413339,MAD Lions,Legacy Esports,0,0,0,0,0,0,0,0,0,0,7647,0,0,7655,1.33,2.87,1.85,1.87
104841804589413339,MAD Lions,Legacy Esports,0,0,0,0,0,0,0,0,0,0,7828,0,0,7848,1.33,2.87,1.86,1.86
104841804589413339,MAD Lions,Legacy Esports,0,0,0,0,0,0,0,0,0,0,8062,0,0,8082,1.33,2.87,1.86,1.86
104841804589413339,MAD Lions,Legacy Esports,0,0,0,0,0,0,0,0,0,0,8283,0,0,8394,1.33,2.87,1.91,1.82
104841804589413339,MAD Lions,Legacy Esports,0,0,0,0,0,0,0,0,0,0,8579,0,0,8617,1.33,2.87,1.87,1.85
104841804589413339,MAD Lions,Legacy Esports,0,0,0,0,0,0,0,0,0,0,8579,0,0,8617,1.38,2.66,1.87,1.85
104841804589413339,MAD Lions,Legacy Esports,0,0,0,0,0,0,0,0,2,4,11228,2,7,10766,1.33,2.87,1.82,1.9
104841804589413339,MAD Lions,Legacy Esports,0,0,0,0,0,0,0,0,2,4,11427,2,7,11016,1.33,2.87,1.85,1.87
104841804589413339,MAD Lions,Legacy Esports,0,0,0,0,0,0,0,0,2,4,11736,2,7,11504,1.33,2.87,1.95,1.78
104841804589413339,MAD Lions,Legacy Esports,0,0,0,0,0,0,0,0,2,4,12249,2,7,11803,1.33,2.87,1.83,1.89
104841804589413339,MAD Lions,Legacy Esports,0,0,0,0,0,0,0,0,2,4,12249,2,7,11803,1.3,3.02,1.83,1.89
104841804589413339,MAD Lions,Legacy Esports,0,0,0,0,0,0,0,0,2,4,12249,2,7,11803,1.27,3.2,1.83,1.89
104841804589413339,MAD Lions,Legacy Esports,0,0,0,0,0,0,0,0,2,4,12522,2,7,12138,1.27,3.2,1.87,1.85
104841804589413339,MAD Lions,Legacy Esports,0,0,0,0,0,0,0,0,2,4,12731,2,7,12488,1.27,3.2,1.94,1.78
104841804589413339,MAD Lions,Legacy Esports,0,0,0,0,0,0,0,0,2,4,12932,2,7,12677,1.27,3.2,1.94,1.79
104841804589413339,MAD Lions,Legacy Esports,0,0,0,0,0,0,0,0,2,4,13145,2,7,12934,1.27,3.2,1.96,1.77
104841804589413339,MAD Lions,Legacy Esports,0,0,0,0,0,0,0,0,2,4,13347,2,7,13158,1.27,3.2,1.97,1.76
104841804589413339,MAD Lions,Legacy Esports,0,0,0,0,0,0,0,0,2,4,13901,3,9,14765,1.47,2.38,2.97,1.35
104841804589413339,MAD Lions,Legacy Esports,0,0,0,0,0,0,0,0,2,4,13901,3,9,14765,1.55,2.2,2.97,1.35
104841804589413339,MAD Lions,Legacy Esports,0,0,0,0,0,0,0,0,2,4,14279,3,9,14878,1.55,2.2,2.69,1.42
104841804589413339,MAD Lions,Legacy Esports,0,0,0,0,0,0,0,1,2,4,15609,4,10,16531,1.84,1.8,3.29,1.3
104841804589413339,MAD Lions,Legacy Esports,0,0,0,0,0,0,0,1,2,4,15803,4,10,16790,1.84,1.8,3.38,1.28
104841804589413339,MAD Lions,Legacy Esports,0,0,0,0,0,0,0,1,2,4,16094,4,10,17036,1.95,1.7,3.32,1.29
104841804589413339,MAD Lions,Legacy Esports,0,0,0,0,0,0,0,1,2,4,16094,4,10,17036,2.02,1.65,3.32,1.29
104841804589413339,MAD Lions,Legacy Esports,0,0,0,0,0,0,0,1,2,4,16537,4,10,17490,2.02,1.65,3.33,1.29
104841804589413339,MAD Lions,Legacy Esports,0,0,0,0,0,0,0,1,2,4,16537,4,10,17490,2.11,1.6,3.33,1.29
104841804589413339,MAD Lions,Legacy Esports,0,0,0,0,0,0,0,1,2,4,16908,4,10,17817,2.11,1.6,3.27,1.3
104841804589413339,MAD Lions,Legacy Esports,0,0,0,0,0,0,0,1,2,4,16908,4,10,17817,2.2,1.55,3.27,1.3
104841804589413339,MAD Lions,Legacy Esports,0,0,0,0,0,0,0,1,2,4,17294,4,10,18180,2.2,1.55,3.24,1.3
104841804589413339,MAD Lions,Legacy Esports,0,0,0,0,0,0,0,1,2,4,17294,4,10,18180,2.66,1.38,3.24,1.3
104841804589413339,MAD Lions,Legacy Esports,0,0,0,0,0,0,0,1,2,4,17511,4,10,18304,2.66,1.38,3.12,1.32
104841804589413339,MAD Lions,Legacy Esports,0,0,0,0,0,0,0,1,2,4,17759,4,10,18491,2.66,1.38,3.05,1.34
104841804589413339,MAD Lions,Legacy Esports,0,0,0,0,0,0,0,1,2,4,18038,4,10,18797,2.66,1.38,3.08,1.33
104841804589413339,MAD Lions,Legacy Esports,0,0,0,0,0,0,0,1,2,4,18145,4,10,19027,2.66,1.38,3.24,1.3
104841804589413339,MAD Lions,Legacy Esports,0,0,0,0,0,0,0,1,2,4,18424,4,10,19199,2.66,1.38,3.1,1.33
104841804589413339,MAD Lions,Legacy Esports,0,0,0,0,0,0,0,1,5,12,22089,6,15,23240,1.82,1.82,3.24,1.3
104841804589413339,MAD Lions,Legacy Esports,0,0,0,0,0,0,0,1,5,12,22363,6,15,23566,1.82,1.82,3.31,1.29
104841804589413339,MAD Lions,Legacy Esports,0,0,0,0,0,0,0,1,5,12,22711,6,15,23901,1.82,1.82,3.29,1.3
104841804589413339,MAD Lions,Legacy Esports,0,0,0,0,0,0,0,1,5,12,22983,6,15,24071,1.82,1.82,3.16,1.32
104841804589413339,MAD Lions,Legacy Esports,0,0,0,0,0,0,0,1,5,12,22983,6,15,24071,1.84,1.8,3.16,1.32
104841804589413339,MAD Lions,Legacy Esports,0,0,0,0,0,0,0,1,5,12,23260,6,15,24370,1.84,1.8,3.19,1.31
104841804589413339,MAD Lions,Legacy Esports,0,0,0,0,0,0,0,1,5,12,23260,6,15,24370,1.95,1.7,3.19,1.31
104841804589413339,MAD Lions,Legacy Esports,0,0,0,0,0,0,0,1,5,12,23378,6,15,24590,1.95,1.7,3.32,1.29
104841804589413339,MAD Lions,Legacy Esports,0,0,0,0,0,0,0,1,5,12,23378,6,15,24590,2.02,1.65,3.32,1.29
104841804589413339,MAD Lions,Legacy Esports,0,0,0,0,0,0,0,1,5,12,23866,6,15,24866,2.02,1.65,3.05,1.34
104841804589413339,MAD Lions,Legacy Esports,0,0,0,0,0,0,0,1,5,12,23866,6,15,24866,2.31,1.5,3.05,1.34
104841804589413339,MAD Lions,Legacy Esports,0,0,0,0,0,0,0,1,5,12,24029,6,15,25360,2.31,1.5,3.49,1.27
104841804589413339,MAD Lions,Legacy Esports,0,0,0,0,0,0,0,1,5,12,24385,6,15,25595,2.31,1.5,3.32,1.29
104841804589413339,MAD Lions,Legacy Esports,0,0,0,0,0,0,0,1,5,12,24672,6,15,25884,2.31,1.5,3.32,1.29
104841804589413339,MAD Lions,Legacy Esports,1,0,0,0,2,0,0,2,6,16,30456,8,17,32598,4.0,1.18,6.09,1.1
104841804589413339,MAD Lions,Legacy Esports,1,0,0,0,2,0,0,2,6,16,30647,8,17,32975,4.0,1.18,6.66,1.08
104841804589413339,MAD Lions,Legacy Esports,1,0,0,0,2,0,0,2,6,16,30996,8,17,33321,4.0,1.18,6.65,1.08
104841804589413339,MAD Lions,Legacy Esports,1,0,0,0,2,0,0,2,6,16,31383,8,17,33557,4.0,1.18,6.18,1.09
104841804589413339,MAD Lions,Legacy Esports,1,0,0,0,2,0,0,2,6,16,31663,8,17,33792,4.0,1.18,6.05,1.1
104841804589413339,MAD Lions,Legacy Esports,1,0,0,0,2,0,0,2,6,16,31867,8,17,33931,4.0,1.18,5.86,1.11
104841804589413339,MAD Lions,Legacy Esports,1,0,0,0,2,0,0,2,6,16,31867,8,17,33931,5.2,1.1,5.86,1.11
104841804589413339,MAD Lions,Legacy Esports,1,0,0,0,2,0,0,2,6,16,32249,8,17,34269,5.2,1.1,5.74,1.11
104841804589413339,MAD Lions,Legacy Esports,1,0,0,0,2,0,0,2,6,16,32681,8,17,34625,5.2,1.1,5.54,1.12
104841804589413339,MAD Lions,Legacy Esports,1,0,0,0,2,0,0,2,6,16,33035,8,17,34945,5.2,1.1,5.45,1.12
104841804589413339,MAD Lions,Legacy Esports,1,0,0,0,2,0,0,2,6,16,33246,8,17,35371,5.2,1.1,6.04,1.1
104841804589413339,MAD Lions,Legacy Esports,1,0,0,0,2,0,0,2,6,16,33461,8,17,35554,5.2,1.1,5.94,1.1
104841804589413339,MAD Lions,Legacy Esports,1,0,0,0,2,0,0,2,6,16,33578,8,17,35678,5.2,1.1,5.96,1.1
104841804589413339,MAD Lions,Legacy Esports,1,0,0,0,3,0,0,3,8,23,38780,9,21,40651,3.6,1.22,7.1,1.07
104841804589413339,MAD Lions,Legacy Esports,1,0,0,0,3,0,0,3,8,23,38886,9,21,40987,3.6,1.22,7.96,1.05
104841804589413339,MAD Lions,Legacy Esports,1,0,0,0,3,0,0,3,8,23,38886,9,21,40987,3.8,1.2,7.96,1.05
104841804589413339,MAD Lions,Legacy Esports,2,0,0,1,4,0,0,3,10,25,46693,12,30,49267,3.3,1.25,13.96,1.0
104841804589413339,MAD Lions,Legacy Esports,2,0,0,1,4,0,0,3,10,25,47091,12,30,49523,3.3,1.25,12.96,1.0
104841804589413339,MAD Lions,Legacy Esports,2,0,0,1,5,0,0,3,10,25,47204,12,30,50595,3.3,1.25,30.8,1.0
104841804589413339,MAD Lions,Legacy Esports,2,0,0,1,5,0,0,3,10,25,47204,12,30,50595,3.6,1.22,30.8,1.0
104841804589413339,MAD Lions,Legacy Esports,2,0,0,1,5,0,0,3,10,25,47513,12,30,50845,3.6,1.22,29.82,1.0
104841804589413337,INTZ,Team Liquid,0,0,0,0,0,0,0,0,0,0,2500,0,0,2500,3.2,1.27,1.85,1.87
104841804589413337,INTZ,Team Liquid,0,0,0,0,0,0,0,0,0,0,2500,0,0,2500,2.66,1.38,1.85,1.87
104841804589413337,INTZ,Team Liquid,0,0,0,0,0,0,0,0,0,0,2500,0,0,2500,2.87,1.33,1.85,1.87
104841804589413337,INTZ,Team Liquid,0,0,0,0,0,0,0,0,0,0,2500,0,0,2500,3.3,1.25,1.85,1.87
104841804589413345,Legacy Esports,Papara SuperMassive,0,0,0,0,0,0,0,0,0,0,2500,0,0,2500,1.55,2.2,1.85,1.87
104841804589413345,Legacy Esports,Papara SuperMassive,0,0,0,0,0,0,0,0,0,0,2500,0,0,2500,1.6,2.11,1.85,1.87
104841804589413345,Legacy Esports,Papara SuperMassive,0,0,0,0,0,0,0,0,0,0,2500,0,0,2500,1.7,1.95,1.85,1.87
104841804589413345,Legacy Esports,Papara SuperMassive,0,0,0,0,0,0,0,0,0,0,2500,0,0,2500,1.65,2.02,1.85,1.87
104841804589413345,Legacy Esports,Papara SuperMassive,0,0,0,0,0,0,0,0,0,0,2950,0,0,2967,1.6,2.11,1.86,1.86
104841804589413345,Legacy Esports,Papara SuperMassive,0,0,0,0,0,0,0,0,0,0,2950,0,0,2967,1.55,2.2,1.86,1.86
104841804589413345,Legacy Esports,Papara SuperMassive,0,0,0,0,0,0,0,0,0,0,2994,0,0,2997,1.55,2.2,1.85,1.87
104841804589413345,Legacy Esports,Papara SuperMassive,0,0,0,0,0,0,0,0,0,0,3232,0,0,3249,1.55,2.2,1.86,1.86
104841804589413345,Legacy Esports,Papara SuperMassive,0,0,0,0,0,0,0,0,0,0,5519,1,1,6085,1.27,3.2,2.19,1.62
104841804589413345,Legacy Esports,Papara SuperMassive,0,0,0,0,0,0,0,0,0,0,5779,1,1,6273,1.27,3.2,2.14,1.65
104841804589413345,Legacy Esports,Papara SuperMassive,0,0,0,0,0,0,0,0,0,0,5945,1,1,6642,1.27,3.2,2.28,1.57
104841804589413345,Legacy Esports,Papara SuperMassive,0,0,0,0,0,0,0,0,0,0,5945,1,1,6642,1.25,3.3,2.28,1.57
104841804589413345,Legacy Esports,Papara SuperMassive,0,0,0,0,0,0,0,0,0,0,6219,1,1,6947,1.25,3.3,2.31,1.56
104841804589413345,Legacy Esports,Papara SuperMassive,0,0,0,0,0,0,0,0,0,0,7015,1,1,7727,1.15,4.3,2.29,1.56
104841804589413345,Legacy Esports,Papara SuperMassive,0,0,0,0,0,0,0,0,0,0,7282,1,1,7956,1.15,4.3,2.26,1.58
104841804589413345,Legacy Esports,Papara SuperMassive,0,0,0,0,0,0,0,0,0,0,7449,1,1,8335,1.15,4.3,2.44,1.5
104841804589413345,Legacy Esports,Papara SuperMassive,0,0,0,0,0,0,0,0,0,0,7670,1,1,8549,1.15,4.3,2.43,1.51
104841804589413345,Legacy Esports,Papara SuperMassive,0,0,0,0,0,0,0,0,0,0,7942,1,1,8715,1.15,4.3,2.34,1.54
104841804589413345,Legacy Esports,Papara SuperMassive,0,0,0,0,0,0,0,0,0,0,8161,1,1,9054,1.15,4.3,2.44,1.5
104841804589413345,Legacy Esports,Papara SuperMassive,0,0,0,0,0,0,0,1,0,0,9742,1,1,10571,1.1,5.2,2.57,1.46
104841804589413345,Legacy Esports,Papara SuperMassive,0,0,0,0,0,0,0,1,0,0,10070,1,1,10772,1.1,5.2,2.46,1.5
104841804589413345,Legacy Esports,Papara SuperMassive,0,0,0,0,0,0,0,1,0,0,11773,1,1,12492,1.15,4.3,2.47,1.49
104841804589413345,Legacy Esports,Papara SuperMassive,0,0,0,0,0,0,0,1,0,0,11938,1,1,12846,1.15,4.3,2.65,1.43
104841804589413345,Legacy Esports,Papara SuperMassive,0,0,0,0,0,0,0,1,4,14,16297,2,2,16640,1.65,2.02,1.51,2.43
104841804589413345,Legacy Esports,Papara SuperMassive,0,0,0,0,0,0,0,1,4,14,16297,2,2,16640,1.7,1.95,1.51,2.43
104841804589413345,Legacy Esports,Papara SuperMassive,0,0,0,0,0,0,0,1,4,14,16712,2,2,16981,1.7,1.95,1.48,2.49
104841804589413345,Legacy Esports,Papara SuperMassive,0,0,0,0,0,0,0,1,4,14,16937,2,2,17197,1.7,1.95,1.48,2.5
104841804589413345,Legacy Esports,Papara SuperMassive,0,0,0,0,0,0,0,1,4,14,17147,2,2,17335,1.7,1.95,1.46,2.57
104841804589413345,Legacy Esports,Papara SuperMassive,0,0,0,0,0,0,0,2,5,18,19279,2,2,18593,1.95,1.7,1.22,3.94
104841804589413345,Legacy Esports,Papara SuperMassive,0,0,0,0,0,0,0,2,5,18,19639,2,2,18902,1.95,1.7,1.21,4.02
104841804589413345,Legacy Esports,Papara SuperMassive,0,0,0,0,0,0,0,2,5,18,19639,2,2,18902,2.02,1.65,1.21,4.02
104841804589413345,Legacy Esports,Papara SuperMassive,0,0,0,0,0,0,0,2,5,18,19929,2,2,19098,2.02,1.65,1.2,4.19
104841804589413345,Legacy Esports,Papara SuperMassive,0,0,0,0,0,0,0,2,5,18,20357,2,2,19289,2.02,1.65,1.16,4.66
104841804589413345,Legacy Esports,Papara SuperMassive,0,0,0,0,0,0,0,2,5,18,22166,2,2,21021,2.66,1.38,1.15,4.83
104841804589413345,Legacy Esports,Papara SuperMassive,0,0,0,0,0,0,0,2,5,18,22427,2,2,21295,2.66,1.38,1.15,4.8
104841804589413345,Legacy Esports,Papara SuperMassive,0,0,0,0,0,0,0,2,5,18,22523,2,2,21493,2.66,1.38,1.17,4.58
104841804589413345,Legacy Esports,Papara SuperMassive,0,0,0,0,0,0,0,2,5,18,22736,2,2,21918,2.66,1.38,1.2,4.17
104841804589413345,Legacy Esports,Papara SuperMassive,0,0,0,0,0,0,0,2,5,18,22736,2,2,21918,2.38,1.47,1.2,4.17
104841804589413345,Legacy Esports,Papara SuperMassive,0,0,0,0,0,0,0,2,5,18,23140,2,2,22148,2.38,1.47,1.17,4.51
104841804589413345,Legacy Esports,Papara SuperMassive,0,0,0,0,0,0,0,2,5,18,23353,2,2,22278,2.31,1.5,1.16,4.68
104841804589413345,Legacy Esports,Papara SuperMassive,0,0,0,0,0,0,0,2,5,18,23712,2,2,22595,2.31,1.5,1.16,4.77
104841804589413345,Legacy Esports,Papara SuperMassive,0,0,0,0,0,0,0,2,5,18,24017,2,2,22814,2.31,1.5,1.14,4.96
104841804589413345,Legacy Esports,Papara SuperMassive,0,0,0,0,0,0,0,2,5,18,24180,2,2,22944,2.31,1.5,1.14,5.04
104841804589413345,Legacy Esports,Papara SuperMassive,0,0,0,0,0,0,0,2,5,18,24570,2,2,23229,2.38,1.47,1.13,5.29
104841804589413345,Legacy Esports,Papara SuperMassive,0,0,0,0,0,0,0,2,5,18,24833,2,2,23338,2.38,1.47,1.11,5.69
104841804589413345,Legacy Esports,Papara SuperMassive,0,0,0,0,0,0,0,2,5,18,25052,2,2,23669,2.38,1.47,1.12,5.39
104841804589413345,Legacy Esports,Papara SuperMassive,0,0,0,0,0,0,0,2,5,18,25052,2,2,23669,2.5,1.43,1.12,5.39
104841804589413345,Legacy Esports,Papara SuperMassive,0,0,0,0,0,0,0,2,5,18,25359,2,2,24145,2.5,1.43,1.14,4.99
104841804589413345,Legacy Esports,Papara SuperMassive,0,0,0,0,0,0,0,2,5,18,25359,2,2,24145,2.66,1.38,1.14,4.99
104841804589413345,Legacy Esports,Papara SuperMassive,0,0,0,0,0,0,0,2,5,18,25769,2,2,24548,2.66,1.38,1.14,5.0
104841804589413345,Legacy Esports,Papara SuperMassive,0,0,0,0,0,0,0,2,5,18,26018,2,2,24760,2.66,1.38,1.14,5.09
104841804589413345,Legacy Esports,Papara SuperMassive,0,0,0,0,0,0,0,2,5,18,26018,2,2,24760,2.31,1.5,1.14,5.09
104841804589413345,Legacy Esports,Papara SuperMassive,0,0,0,0,0,0,0,2,5,18,26302,2,2,24911,2.31,1.5,1.12,5.41
104841804589413345,Legacy Esports,Papara SuperMassive,0,0,0,0,0,0,0,2,5,18,26457,2,2,25057,2.31,1.5,1.12,5.44
